Energy,phi_degrees,theta_degrees,phi_motor_degrees,theta_motor_degrees,phi_fwhm,theta_fwhm
5.000000000000000000e+00,5.232742422939552718e+00,4.143049922976437927e+01,0.000000000000000000e+00,-4.400000000000000000e+01,1.179531309480161561e+01,1.405559531680076013e+01
5.000000000000000000e+00,4.145132567474236751e+00,3.417314466738909573e+01,0.000000000000000000e+00,-3.600000000000000000e+01,9.349723450626173715e+00,1.272956312187905503e+01
5.000000000000000000e+00,3.167777918038871210e+00,2.663115874609317757e+01,0.000000000000000000e+00,-2.800000000000000000e+01,8.089667988945521415e+00,1.171569157585497400e+01
5.000000000000000000e+00,2.811850263855112608e+00,1.991222098030269905e+01,0.000000000000000000e+00,-2.000000000000000000e+01,7.999690379902944848e+00,1.185816971255519547e+01
5.000000000000000000e+00,2.422358526417597968e+00,1.216634547736863325e+01,0.000000000000000000e+00,-1.200000000000000000e+01,6.919716851889584852e+00,1.123591660185675956e+01
5.000000000000000000e+00,2.650487657805091768e+00,9.420579127590551494e+00,0.000000000000000000e+00,-9.000000000000000000e+00,6.779680485841596216e+00,1.045382315087819158e+01
5.000000000000000000e+00,2.464040585889037516e+00,6.148553457041925796e+00,0.000000000000000000e+00,-6.000000000000000000e+00,6.955441640591896402e+00,1.254267608981007420e+01
5.000000000000000000e+00,2.638142019595591137e+00,-1.173201547684377122e-02,0.000000000000000000e+00,0.000000000000000000e+00,7.420425189792682730e+00,1.200535729624701808e+01
5.000000000000000000e+00,2.856995995136629496e+00,-5.793652483655899132e+00,0.000000000000000000e+00,6.000000000000000000e+00,7.511295503098382120e+00,1.249283336544081102e+01
5.000000000000000000e+00,2.307337099284759940e+00,-8.484179823576672774e+00,0.000000000000000000e+00,9.000000000000000000e+00,6.820591787170301679e+00,1.139976903731770186e+01
5.000000000000000000e+00,2.432252767983521302e+00,-1.163109400321207687e+01,0.000000000000000000e+00,1.200000000000000000e+01,7.344564183325637430e+00,1.046286009007272177e+01
5.000000000000000000e+00,2.990945562263204405e+00,-1.918390351287093409e+01,0.000000000000000000e+00,2.000000000000000000e+01,8.217995711181428575e+00,1.232536861149979934e+01
5.000000000000000000e+00,3.695768943030482756e+00,-2.687901277540759182e+01,0.000000000000000000e+00,2.800000000000000000e+01,1.008875338918511666e+01,1.174627226957441906e+01
5.000000000000000000e+00,3.281947659371411419e+00,-3.431695712606693149e+01,0.000000000000000000e+00,3.600000000000000000e+01,8.782171743610048154e+00,1.281905201295303520e+01
5.000000000000000000e+00,5.082989587193962322e+00,-4.173573671723294609e+01,0.000000000000000000e+00,4.400000000000000000e+01,1.270443396819281290e+01,1.507806179572312999e+01
5.000000000000000000e+00,1.121232797975960871e+01,4.193274541251123111e+01,1.000000000000000000e+01,-4.400000000000000000e+01,1.402424080071883061e+01,1.281041393105138226e+01
5.000000000000000000e+00,1.086908298650048366e+01,3.459816019186452252e+01,1.000000000000000000e+01,-3.600000000000000000e+01,1.360403150719106158e+01,1.157537028608828855e+01
5.000000000000000000e+00,1.038354920810763815e+01,2.725025511455498162e+01,1.000000000000000000e+01,-2.800000000000000000e+01,1.121049051244116512e+01,1.049951945502767536e+01
5.000000000000000000e+00,1.033930163293662829e+01,1.997419361323428788e+01,1.000000000000000000e+01,-2.000000000000000000e+01,1.139525319699913375e+01,1.082166404914334024e+01
5.000000000000000000e+00,1.023275741633524483e+01,1.225044483177932264e+01,1.000000000000000000e+01,-1.200000000000000000e+01,1.089981045103386137e+01,1.072898208952213750e+01
5.000000000000000000e+00,1.023241203679002886e+01,9.060621697045068146e+00,1.000000000000000000e+01,-9.000000000000000000e+00,1.107374009614062160e+01,1.049990724298830358e+01
5.000000000000000000e+00,1.031865665974403967e+01,6.392301826824718702e+00,1.000000000000000000e+01,-6.000000000000000000e+00,1.071500606112772402e+01,1.101911377139739301e+01
5.000000000000000000e+00,1.037420272327957527e+01,1.760445066965639002e-02,1.000000000000000000e+01,0.000000000000000000e+00,1.101258915242820358e+01,1.100949926148610558e+01
5.000000000000000000e+00,1.025609125220153750e+01,-6.088245288808077582e+00,1.000000000000000000e+01,6.000000000000000000e+00,1.096082363966999296e+01,1.062673135678148562e+01
5.000000000000000000e+00,9.997169338813458594e+00,-8.944358511468244899e+00,1.000000000000000000e+01,9.000000000000000000e+00,1.135300234685591647e+01,1.090777222276295255e+01
5.000000000000000000e+00,1.010604444582003048e+01,-1.199515000785109464e+01,1.000000000000000000e+01,1.200000000000000000e+01,1.103555893079540873e+01,1.027316903212417998e+01
5.000000000000000000e+00,1.017169147145225772e+01,-1.991319467075764393e+01,1.000000000000000000e+01,2.000000000000000000e+01,1.150259402402746645e+01,1.115827269382909037e+01
5.000000000000000000e+00,1.020972637751644285e+01,-2.757780799328592281e+01,1.000000000000000000e+01,2.800000000000000000e+01,1.259266777440084439e+01,1.156082368216017819e+01
5.000000000000000000e+00,1.033978331775545989e+01,-3.519006598097338667e+01,1.000000000000000000e+01,3.600000000000000000e+01,1.354208505546654884e+01,1.268924870076586053e+01
5.000000000000000000e+00,1.084346641801270827e+01,-4.340548126994922029e+01,1.000000000000000000e+01,4.400000000000000000e+01,1.505038086744823289e+01,1.341348404932074168e+01
5.000000000000000000e+00,1.913501643770434413e+01,4.221719886566739177e+01,1.900000000000000000e+01,-4.400000000000000000e+01,1.581295280447123375e+01,1.205081538694931176e+01
5.000000000000000000e+00,1.900977567649168165e+01,3.491067265118018526e+01,1.900000000000000000e+01,-3.600000000000000000e+01,1.505351809144767472e+01,1.148961227888803194e+01
5.000000000000000000e+00,1.938617183439718517e+01,2.722407104169450065e+01,1.900000000000000000e+01,-2.800000000000000000e+01,1.155478514358288855e+01,1.039151243561244797e+01
5.000000000000000000e+00,1.911314748693699173e+01,2.003182396194215897e+01,1.900000000000000000e+01,-2.000000000000000000e+01,1.148830567647322276e+01,1.059620270966444266e+01
5.000000000000000000e+00,1.894359694404382211e+01,1.194590272106110262e+01,1.900000000000000000e+01,-1.200000000000000000e+01,1.085581993169581416e+01,1.016373447645108108e+01
5.000000000000000000e+00,1.905671729025457850e+01,9.014705741614760015e+00,1.900000000000000000e+01,-9.000000000000000000e+00,1.023812165728680768e+01,9.915553561436638574e+00
5.000000000000000000e+00,1.913641899030459825e+01,6.298147965956570005e+00,1.900000000000000000e+01,-6.000000000000000000e+00,9.853423173575643901e+00,1.045599308375387437e+01
5.000000000000000000e+00,1.914428226376015729e+01,-1.459953019079620606e-01,1.900000000000000000e+01,0.000000000000000000e+00,1.027089550079854696e+01,1.029063957074659719e+01
5.000000000000000000e+00,1.889653426288928273e+01,-6.244342772777390138e+00,1.900000000000000000e+01,6.000000000000000000e+00,1.064394735513452162e+01,1.012121216207570384e+01
5.000000000000000000e+00,1.912211626534541153e+01,-9.302395904554305872e+00,1.900000000000000000e+01,9.000000000000000000e+00,1.049061667839214174e+01,9.710944574323210787e+00
5.000000000000000000e+00,1.888726397146740155e+01,-1.210336616751816763e+01,1.900000000000000000e+01,1.200000000000000000e+01,1.048618612410727380e+01,1.027854266539963568e+01
5.000000000000000000e+00,1.900069000841678601e+01,-1.989922065032759591e+01,1.900000000000000000e+01,2.000000000000000000e+01,1.095721260188445711e+01,1.025976191475218968e+01
5.000000000000000000e+00,1.878366161414321667e+01,-2.773219618435694400e+01,1.900000000000000000e+01,2.800000000000000000e+01,1.265674891611748620e+01,1.113539170692359725e+01
5.000000000000000000e+00,1.836447531968468283e+01,-3.576638030061152307e+01,1.900000000000000000e+01,3.600000000000000000e+01,1.471851265748968629e+01,1.143753239298575686e+01
5.000000000000000000e+00,1.899705871148460901e+01,-4.339979811447355473e+01,1.900000000000000000e+01,4.400000000000000000e+01,1.569563086920464556e+01,1.206996818371692726e+01
5.000000000000000000e+00,2.775362577492547800e+01,4.269912686450567207e+01,2.850000000000000000e+01,-4.400000000000000000e+01,1.678544478616243296e+01,1.111139462495155428e+01
5.000000000000000000e+00,2.813314070280438273e+01,3.456951096888975883e+01,2.850000000000000000e+01,-3.600000000000000000e+01,1.327421375329272379e+01,1.159374194391193491e+01
5.000000000000000000e+00,2.799129590953810975e+01,2.720904966453783302e+01,2.850000000000000000e+01,-2.800000000000000000e+01,1.251309265482589339e+01,1.003831220837781046e+01
5.000000000000000000e+00,2.823065163879404338e+01,1.937245244397989197e+01,2.850000000000000000e+01,-2.000000000000000000e+01,1.034697651397894980e+01,9.683543264523070349e+00
5.000000000000000000e+00,2.812286368209098697e+01,1.167194669690855591e+01,2.850000000000000000e+01,-1.200000000000000000e+01,1.014920049303010963e+01,9.524225876067040630e+00
5.000000000000000000e+00,2.836545081837396864e+01,8.836028360697909534e+00,2.850000000000000000e+01,-9.000000000000000000e+00,9.652509824965239460e+00,9.759121973125719052e+00
5.000000000000000000e+00,2.821363720181483004e+01,5.886555811350476120e+00,2.850000000000000000e+01,-6.000000000000000000e+00,9.835588845894402965e+00,9.389333081899803091e+00
5.000000000000000000e+00,2.828846892228215992e+01,-5.334589535848303227e-02,2.850000000000000000e+01,0.000000000000000000e+00,9.671811501887424001e+00,9.364768451976461350e+00
5.000000000000000000e+00,2.838273314928923341e+01,-6.191989265058045255e+00,2.850000000000000000e+01,6.000000000000000000e+00,9.301340610778073170e+00,9.434588963709641618e+00
5.000000000000000000e+00,2.819282219174203874e+01,-9.402372382328424649e+00,2.850000000000000000e+01,9.000000000000000000e+00,1.018206592267615918e+01,9.780282689884312930e+00
5.000000000000000000e+00,2.807912958458669550e+01,-1.204836623472241364e+01,2.850000000000000000e+01,1.200000000000000000e+01,1.024034575792820512e+01,9.387583677989782771e+00
5.000000000000000000e+00,2.790884337181935138e+01,-2.005560325351812523e+01,2.850000000000000000e+01,2.000000000000000000e+01,1.033389839079088901e+01,9.870026266436450868e+00
5.000000000000000000e+00,2.756473371701484609e+01,-2.794248801464828702e+01,2.850000000000000000e+01,2.800000000000000000e+01,1.211532334223423391e+01,1.029329493532046591e+01
5.000000000000000000e+00,2.740898029663167534e+01,-3.594683297798311372e+01,2.850000000000000000e+01,3.600000000000000000e+01,1.363088139870757587e+01,1.136123876370605856e+01
5.000000000000000000e+00,2.723090034777336044e+01,-4.305885311125045689e+01,2.850000000000000000e+01,4.400000000000000000e+01,1.725057835867826483e+01,1.123828804351330035e+01
5.000000000000000000e+00,3.560292335295466160e+01,4.257276030921762100e+01,3.720000000000000284e+01,-4.400000000000000000e+01,1.637811445597888493e+01,1.091488596104365882e+01
5.000000000000000000e+00,3.572334654138585108e+01,3.468076035881400543e+01,3.720000000000000284e+01,-3.600000000000000000e+01,1.303152542773152689e+01,1.063465305049179577e+01
5.000000000000000000e+00,3.574064624073465524e+01,2.682869178342622973e+01,3.720000000000000284e+01,-2.800000000000000000e+01,1.326519748673355359e+01,1.064635850390501304e+01
5.000000000000000000e+00,3.617954215677094254e+01,1.932570361254765601e+01,3.720000000000000284e+01,-2.000000000000000000e+01,1.117451621757180114e+01,9.291059533174896856e+00
5.000000000000000000e+00,3.651042077548846976e+01,1.136161812634271584e+01,3.720000000000000284e+01,-1.200000000000000000e+01,1.085901111663566532e+01,9.688878505258958995e+00
5.000000000000000000e+00,3.650791276244473949e+01,8.437943529302193824e+00,3.720000000000000284e+01,-9.000000000000000000e+00,1.015010355660454877e+01,9.244274143143963229e+00
5.000000000000000000e+00,3.642677715850979325e+01,5.804602790721978600e+00,3.720000000000000284e+01,-6.000000000000000000e+00,9.746457775668140755e+00,9.600356488114693221e+00
5.000000000000000000e+00,3.656485632150442200e+01,-3.247759677563604730e-01,3.720000000000000284e+01,0.000000000000000000e+00,1.026067751568685615e+01,9.582142901471140561e+00
5.000000000000000000e+00,3.658186687606354326e+01,-6.388199499300318607e+00,3.720000000000000284e+01,6.000000000000000000e+00,9.556836744897712066e+00,8.817085244337752314e+00
5.000000000000000000e+00,3.640958073446218890e+01,-9.091125387815344183e+00,3.720000000000000284e+01,9.000000000000000000e+00,9.991968617436496558e+00,9.206316632544897516e+00
5.000000000000000000e+00,3.605150581557361278e+01,-1.208686065814091393e+01,3.720000000000000284e+01,1.200000000000000000e+01,1.042520188414832027e+01,9.375427062023254265e+00
5.000000000000000000e+00,3.603330772622189926e+01,-1.975754698715848434e+01,3.720000000000000284e+01,2.000000000000000000e+01,1.065138482688395882e+01,9.555499462854530890e+00
5.000000000000000000e+00,3.591307819147169056e+01,-2.773690500111692003e+01,3.720000000000000284e+01,2.800000000000000000e+01,1.271163053355475370e+01,1.152065985311917018e+01
5.000000000000000000e+00,3.550233088668814929e+01,-3.597208053135354078e+01,3.720000000000000284e+01,3.600000000000000000e+01,1.563960512804471215e+01,1.146454100270540089e+01
5.000000000000000000e+00,3.469563431192369762e+01,-4.345376010878160855e+01,3.720000000000000284e+01,4.400000000000000000e+01,1.783520927533749756e+01,1.033649636313600162e+01
5.000000000000000000e+00,4.305207875387711169e+01,4.219534286108866183e+01,4.650000000000000000e+01,-4.400000000000000000e+01,1.929737262569756240e+01,1.107134510421334639e+01
5.000000000000000000e+00,4.390779554399507845e+01,3.454077896967217498e+01,4.650000000000000000e+01,-3.600000000000000000e+01,1.551483364962112965e+01,1.117510360292339833e+01
5.000000000000000000e+00,4.439773594948914592e+01,2.684557546844313691e+01,4.650000000000000000e+01,-2.800000000000000000e+01,1.449096791456743993e+01,9.731426913343820928e+00
5.000000000000000000e+00,4.427362053079350090e+01,1.871506708731552493e+01,4.650000000000000000e+01,-2.000000000000000000e+01,1.312199847645852913e+01,8.894870691572760890e+00
5.000000000000000000e+00,4.499940627212695432e+01,1.142624436768328167e+01,4.650000000000000000e+01,-1.200000000000000000e+01,1.076870775208125508e+01,8.690591038293717929e+00
5.000000000000000000e+00,4.475399293780623111e+01,8.467078203028004069e+00,4.650000000000000000e+01,-9.000000000000000000e+00,1.161421968532419235e+01,9.087152689681527562e+00
5.000000000000000000e+00,4.495953373504037387e+01,5.567692629288454320e+00,4.650000000000000000e+01,-6.000000000000000000e+00,1.145133478279096906e+01,9.115880115348675261e+00
5.000000000000000000e+00,4.483959722096647482e+01,-6.529017453920710201e-01,4.650000000000000000e+01,0.000000000000000000e+00,1.103530508901270757e+01,8.872007611986147069e+00
5.000000000000000000e+00,4.482571174776535372e+01,-6.570819016936895629e+00,4.650000000000000000e+01,6.000000000000000000e+00,1.069702019012405358e+01,8.843125078236997894e+00
5.000000000000000000e+00,4.462436532617475393e+01,-9.448693575842195713e+00,4.650000000000000000e+01,9.000000000000000000e+00,1.124832921194864177e+01,9.003029237410514085e+00
5.000000000000000000e+00,4.487407631481362813e+01,-1.212868418416108973e+01,4.650000000000000000e+01,1.200000000000000000e+01,1.071887009172355576e+01,8.783539729794792805e+00
5.000000000000000000e+00,4.429593188174874996e+01,-1.994923682894354044e+01,4.650000000000000000e+01,2.000000000000000000e+01,1.228094146448980695e+01,9.774914344818341760e+00
5.000000000000000000e+00,4.397193855838634846e+01,-2.826091695604958431e+01,4.650000000000000000e+01,2.800000000000000000e+01,1.444084329070173922e+01,1.023427872068083921e+01
5.000000000000000000e+00,4.317103215071325906e+01,-3.602685289082686637e+01,4.650000000000000000e+01,3.600000000000000000e+01,1.758265719315609132e+01,1.091187110752679246e+01
5.000000000000000000e+00,4.120609642785138504e+01,-4.336023782238036972e+01,4.650000000000000000e+01,4.400000000000000000e+01,2.050427164442765360e+01,1.143884710717903097e+01
5.000000000000000000e+00,5.227569635656234937e+01,4.156693673375696108e+01,5.529999999999999716e+01,-4.400000000000000000e+01,3.126366204843760954e+01,1.217283749598757048e+01
5.000000000000000000e+00,5.326541478141688657e+01,3.453346331993207485e+01,5.529999999999999716e+01,-3.600000000000000000e+01,2.517774812645835070e+01,1.035945863466750083e+01
5.000000000000000000e+00,5.374603957056701375e+01,2.652792265648172432e+01,5.529999999999999716e+01,-2.800000000000000000e+01,8.516192011689051711e+00,1.027992709061662424e+01
5.000000000000000000e+00,5.356084390766178416e+01,1.876793055230078622e+01,5.529999999999999716e+01,-2.000000000000000000e+01,7.215863973840035861e+00,8.677284094590364205e+00
5.000000000000000000e+00,5.251359665170109992e+01,1.133750952014923108e+01,5.529999999999999716e+01,-1.200000000000000000e+01,1.577116174103813684e+01,8.792360780373730478e+00
5.000000000000000000e+00,5.392698193465440681e+01,8.314221414654399567e+00,5.529999999999999716e+01,-9.000000000000000000e+00,8.560395083318260490e+00,8.201695259977491048e+00
5.000000000000000000e+00,5.372672821963863754e+01,5.280558674074166348e+00,5.529999999999999716e+01,-6.000000000000000000e+00,9.451107457490630637e+00,8.726989712512454034e+00
5.000000000000000000e+00,5.305284908181592129e+01,-4.972173432401847393e-01,5.529999999999999716e+01,0.000000000000000000e+00,1.507171928863317234e+01,8.941136958447531313e+00
5.000000000000000000e+00,5.401265304418024016e+01,-6.656063672056609981e+00,5.529999999999999716e+01,6.000000000000000000e+00,7.039975681166184884e+00,8.781602561820706754e+00
5.000000000000000000e+00,5.265773630917416170e+01,-9.197613674017377505e+00,5.529999999999999716e+01,9.000000000000000000e+00,1.596126291908264072e+01,9.023330162575321722e+00
5.000000000000000000e+00,5.304029739773876884e+01,-1.235420004575365027e+01,5.529999999999999716e+01,1.200000000000000000e+01,1.384590468153332665e+01,8.830514506946997244e+00
5.000000000000000000e+00,5.184984092632709718e+01,-2.015054856464987765e+01,5.529999999999999716e+01,2.000000000000000000e+01,1.902465377312701023e+01,9.894668792448149119e+00
5.000000000000000000e+00,5.227706404004615592e+01,-2.810956692430847070e+01,5.529999999999999716e+01,2.800000000000000000e+01,2.300650616228781686e+01,1.084634601177159396e+01
5.000000000000000000e+00,5.193993490039089522e+01,-3.553825470364196804e+01,5.529999999999999716e+01,3.600000000000000000e+01,1.264693495041736959e+01,1.050978874285395648e+01
5.000000000000000000e+00,5.060341080289487081e+01,-4.248135593133130783e+01,5.529999999999999716e+01,4.400000000000000000e+01,2.754555382740794656e+01,1.351656119272266210e+01
7.000000000000000000e+00,3.733355243196915918e+00,4.268909074538373716e+01,0.000000000000000000e+00,-4.400000000000000000e+01,9.129092776741551063e+00,1.030403296606159635e+01
7.000000000000000000e+00,2.855359779006586329e+00,3.516393472775447293e+01,0.000000000000000000e+00,-3.600000000000000000e+01,7.138349160117765990e+00,9.759792486052457861e+00
7.000000000000000000e+00,2.373224980185431043e+00,2.773337091785766972e+01,0.000000000000000000e+00,-2.800000000000000000e+01,6.316819853605570856e+00,7.985044286936574309e+00
7.000000000000000000e+00,1.874296787129427599e+00,1.996172437684970191e+01,0.000000000000000000e+00,-2.000000000000000000e+01,6.123839412897133627e+00,9.146613117482239375e+00
7.000000000000000000e+00,1.895000146850919887e+00,1.230231863665370895e+01,0.000000000000000000e+00,-1.200000000000000000e+01,5.445276416089886773e+00,8.665943087731156069e+00
7.000000000000000000e+00,1.921835436970092958e+00,9.066911400274085153e+00,0.000000000000000000e+00,-9.000000000000000000e+00,5.360784518510077312e+00,8.847531982500951742e+00
7.000000000000000000e+00,1.798246403544792260e+00,6.531007091352675431e+00,0.000000000000000000e+00,-6.000000000000000000e+00,5.769578861209363474e+00,8.567375185200303278e+00
7.000000000000000000e+00,1.771819777352891201e+00,4.087117063711808718e-01,0.000000000000000000e+00,0.000000000000000000e+00,5.138076163152384801e+00,8.418683980417968726e+00
7.000000000000000000e+00,1.656931818181653693e+00,-5.699806045738181837e+00,0.000000000000000000e+00,6.000000000000000000e+00,5.337740542150900325e+00,9.059364512600446062e+00
7.000000000000000000e+00,1.837128285757131829e+00,-8.518297301116485087e+00,0.000000000000000000e+00,9.000000000000000000e+00,5.531624369170002886e+00,8.453634881135959844e+00
7.000000000000000000e+00,1.590017695053755009e+00,-1.203405702735658700e+01,0.000000000000000000e+00,1.200000000000000000e+01,5.302167683048071289e+00,9.671919774565200356e+00
7.000000000000000000e+00,1.705557109073024158e+00,-1.993046504042377975e+01,0.000000000000000000e+00,2.000000000000000000e+01,5.476453005753611158e+00,8.898479384349846200e+00
7.000000000000000000e+00,2.097887702254514597e+00,-2.759976961732968093e+01,0.000000000000000000e+00,2.800000000000000000e+01,6.607081908558455119e+00,9.231496315819972764e+00
7.000000000000000000e+00,2.592747178035728073e+00,-3.532133467367851409e+01,0.000000000000000000e+00,3.600000000000000000e+01,7.759509170253012122e+00,1.063029370696520992e+01
7.000000000000000000e+00,3.362445841090763388e+00,-4.295179348007449249e+01,0.000000000000000000e+00,4.400000000000000000e+01,8.075417107823923857e+00,1.084517231106065083e+01
7.000000000000000000e+00,1.023296553589893065e+01,4.281515441836342006e+01,1.000000000000000000e+01,-4.400000000000000000e+01,1.239621691849449903e+01,9.446168374777531795e+00
7.000000000000000000e+00,1.032901476621205106e+01,3.538486509784556944e+01,1.000000000000000000e+01,-3.600000000000000000e+01,1.197349314437435908e+01,8.815971894101087614e+00
7.000000000000000000e+00,9.923117182510699408e+00,2.761863392870548850e+01,1.000000000000000000e+01,-2.800000000000000000e+01,9.675364321522915034e+00,8.695090277410406188e+00
7.000000000000000000e+00,1.033682183986979908e+01,2.018490669793472136e+01,1.000000000000000000e+01,-2.000000000000000000e+01,9.353225939823511581e+00,8.048850865687994016e+00
7.000000000000000000e+00,1.003585488745265586e+01,1.229623294457021032e+01,1.000000000000000000e+01,-1.200000000000000000e+01,8.876553733384119127e+00,8.165803144539294678e+00
7.000000000000000000e+00,9.996763716673124023e+00,9.260678819879263557e+00,1.000000000000000000e+01,-9.000000000000000000e+00,8.830186251087191351e+00,8.103752153338366071e+00
7.000000000000000000e+00,1.010760075201962316e+01,6.320851861061990817e+00,1.000000000000000000e+01,-6.000000000000000000e+00,8.750115236216357673e+00,7.585287445699681719e+00
7.000000000000000000e+00,1.020657219657808845e+01,8.788496229896029799e-02,1.000000000000000000e+01,0.000000000000000000e+00,8.574297435636799136e+00,7.843551991863818351e+00
7.000000000000000000e+00,9.960354358383742834e+00,-5.962149753090429272e+00,1.000000000000000000e+01,6.000000000000000000e+00,8.870097150640239292e+00,8.388101625941562389e+00
7.000000000000000000e+00,1.004701149762824208e+01,-9.003398625017027257e+00,1.000000000000000000e+01,9.000000000000000000e+00,8.566095299465613877e+00,8.279603541652891252e+00
7.000000000000000000e+00,9.963900660809114740e+00,-1.204840514375911553e+01,1.000000000000000000e+01,1.200000000000000000e+01,8.882325442756544120e+00,8.262541749802490898e+00
7.000000000000000000e+00,9.909346926151073376e+00,-2.018473738377550575e+01,1.000000000000000000e+01,2.000000000000000000e+01,9.413685951145623676e+00,8.457162682549563826e+00
7.000000000000000000e+00,9.913264096192090591e+00,-2.769192168015530342e+01,1.000000000000000000e+01,2.800000000000000000e+01,1.069067686184283339e+01,8.816740751359423811e+00
7.000000000000000000e+00,1.028645008667897898e+01,-3.591096688977933837e+01,1.000000000000000000e+01,3.600000000000000000e+01,1.191403163851873259e+01,9.666012446746076847e+00
7.000000000000000000e+00,1.056131651055380871e+01,-4.393137436235188886e+01,1.000000000000000000e+01,4.400000000000000000e+01,1.183202937499609142e+01,1.004690406947057824e+01
7.000000000000000000e+00,1.867716145894221924e+01,4.328489589391234205e+01,1.900000000000000000e+01,-4.400000000000000000e+01,1.327830466014138189e+01,9.568918502442905094e+00
7.000000000000000000e+00,1.901462783795788170e+01,3.541064597165482297e+01,1.900000000000000000e+01,-3.600000000000000000e+01,1.139022115262903334e+01,8.829263277041736302e+00
7.000000000000000000e+00,1.921405263309715750e+01,2.755781624873289815e+01,1.900000000000000000e+01,-2.800000000000000000e+01,9.894982572954226896e+00,7.966398353309798175e+00
7.000000000000000000e+00,1.916963413812532835e+01,2.001174854195094710e+01,1.900000000000000000e+01,-2.000000000000000000e+01,8.513210536806020912e+00,7.733893314757501081e+00
7.000000000000000000e+00,1.911716475227611767e+01,1.226187802016040962e+01,1.900000000000000000e+01,-1.200000000000000000e+01,8.275264119832094423e+00,7.702535557158126878e+00
7.000000000000000000e+00,1.924964141720705157e+01,9.011659577332569171e+00,1.900000000000000000e+01,-9.000000000000000000e+00,7.915241899276019844e+00,7.703833566914608966e+00
7.000000000000000000e+00,1.909668715210804280e+01,5.964836306891810658e+00,1.900000000000000000e+01,-6.000000000000000000e+00,7.711882854958627576e+00,8.620317323518129626e+00
7.000000000000000000e+00,1.917388154152380508e+01,-2.275007154223482320e-01,1.900000000000000000e+01,0.000000000000000000e+00,7.414984554408854400e+00,8.158854617474018411e+00
7.000000000000000000e+00,1.888634440996285591e+01,-6.131094300458795665e+00,1.900000000000000000e+01,6.000000000000000000e+00,8.083222182955653423e+00,8.132264837844871863e+00
7.000000000000000000e+00,1.898495952089881200e+01,-9.091280367157212439e+00,1.900000000000000000e+01,9.000000000000000000e+00,8.024190783379967939e+00,8.061513559836255283e+00
7.000000000000000000e+00,1.919182989743362455e+01,-1.208489369026364635e+01,1.900000000000000000e+01,1.200000000000000000e+01,8.111378295570677466e+00,8.222920458067580540e+00
7.000000000000000000e+00,1.891727054678816700e+01,-2.006344064797548654e+01,1.900000000000000000e+01,2.000000000000000000e+01,8.355613984139800721e+00,7.630841332113524444e+00
7.000000000000000000e+00,1.878208527419450746e+01,-2.788863341327547118e+01,1.900000000000000000e+01,2.800000000000000000e+01,9.616729125838437753e+00,8.549213392671587641e+00
7.000000000000000000e+00,1.889819202674549103e+01,-3.624575075672658642e+01,1.900000000000000000e+01,3.600000000000000000e+01,1.115875933981963186e+01,9.021999896627248106e+00
7.000000000000000000e+00,1.857232753182108453e+01,-4.435800195129254320e+01,1.900000000000000000e+01,4.400000000000000000e+01,1.341800328460303859e+01,9.533742951521688269e+00
7.000000000000000000e+00,2.805487132860190869e+01,4.283816871471473320e+01,2.850000000000000000e+01,-4.400000000000000000e+01,1.286360204218205183e+01,9.130945202516389969e+00
7.000000000000000000e+00,2.833319577916505949e+01,3.506077784717300005e+01,2.850000000000000000e+01,-3.600000000000000000e+01,1.071097631705175068e+01,8.688198989523314708e+00
7.000000000000000000e+00,2.836004077992696182e+01,2.745148496032275176e+01,2.850000000000000000e+01,-2.800000000000000000e+01,9.540053009244134685e+00,7.703063421116042697e+00
7.000000000000000000e+00,2.832636532233731685e+01,1.969632188924067151e+01,2.850000000000000000e+01,-2.000000000000000000e+01,8.402490388446180347e+00,7.650893365822533099e+00
7.000000000000000000e+00,2.850999537332081957e+01,1.180869520155987473e+01,2.850000000000000000e+01,-1.200000000000000000e+01,7.849934109661255377e+00,7.646944867955097536e+00
7.000000000000000000e+00,2.851303326600926624e+01,8.866997870478654065e+00,2.850000000000000000e+01,-9.000000000000000000e+00,7.518559421305456070e+00,7.323195489397011038e+00
7.000000000000000000e+00,2.859263225895232452e+01,6.035640827967029942e+00,2.850000000000000000e+01,-6.000000000000000000e+00,7.885288389652391317e+00,7.656744539415916151e+00
7.000000000000000000e+00,2.835950751799781244e+01,-1.992893801628113637e-02,2.850000000000000000e+01,0.000000000000000000e+00,7.484887145962065169e+00,7.754654006471832339e+00
7.000000000000000000e+00,2.829987300519965387e+01,-6.472846873764611431e+00,2.850000000000000000e+01,6.000000000000000000e+00,7.372516891193170885e+00,7.474128151707176038e+00
7.000000000000000000e+00,2.851793952235945184e+01,-9.125469522490902818e+00,2.850000000000000000e+01,9.000000000000000000e+00,7.433633046041372872e+00,7.509543247073395378e+00
7.000000000000000000e+00,2.831979864163778871e+01,-1.218143090764645464e+01,2.850000000000000000e+01,1.200000000000000000e+01,8.228254310333712240e+00,7.561299002401012714e+00
7.000000000000000000e+00,2.814696014007625280e+01,-2.011413979947333530e+01,2.850000000000000000e+01,2.000000000000000000e+01,8.471464922359448479e+00,7.560163065132037730e+00
7.000000000000000000e+00,2.786099058753058344e+01,-2.804262429264631962e+01,2.850000000000000000e+01,2.800000000000000000e+01,9.853862582643349910e+00,8.196038613879792933e+00
7.000000000000000000e+00,2.781805275357226037e+01,-3.602953392599464877e+01,2.850000000000000000e+01,3.600000000000000000e+01,1.161397288947202355e+01,8.699431145624764383e+00
7.000000000000000000e+00,2.745708202651146124e+01,-4.424868826193390703e+01,2.850000000000000000e+01,4.400000000000000000e+01,1.365755555992476111e+01,9.003815806695987689e+00
7.000000000000000000e+00,3.604958149398675715e+01,4.291481861940663123e+01,3.720000000000000284e+01,-4.400000000000000000e+01,1.332898558491909569e+01,8.614666652838909755e+00
7.000000000000000000e+00,3.637351356811736736e+01,3.486129674219186825e+01,3.720000000000000284e+01,-3.600000000000000000e+01,1.102723186186568327e+01,8.116196152371879080e+00
7.000000000000000000e+00,3.657695344093746570e+01,2.695584594956930857e+01,3.720000000000000284e+01,-2.800000000000000000e+01,9.670150941039826975e+00,8.305316539699610701e+00
7.000000000000000000e+00,3.666873310495157767e+01,1.939976092183641398e+01,3.720000000000000284e+01,-2.000000000000000000e+01,8.607345055169931314e+00,7.634766667143921381e+00
7.000000000000000000e+00,3.676113757232342749e+01,1.157165552539421149e+01,3.720000000000000284e+01,-1.200000000000000000e+01,8.400675641247563163e+00,7.671374947173615233e+00
7.000000000000000000e+00,3.667563376236561368e+01,8.565634000397643888e+00,3.720000000000000284e+01,-9.000000000000000000e+00,8.003609501268694970e+00,7.286675248294507412e+00
7.000000000000000000e+00,3.679892459693913054e+01,5.768045966979166828e+00,3.720000000000000284e+01,-6.000000000000000000e+00,7.274020484370473660e+00,7.132249335286587666e+00
7.000000000000000000e+00,3.667354783256715933e+01,-2.694551275581355543e-01,3.720000000000000284e+01,0.000000000000000000e+00,7.589687589271554735e+00,7.850218579486886838e+00
7.000000000000000000e+00,3.680981250193958232e+01,-6.341939075429231742e+00,3.720000000000000284e+01,6.000000000000000000e+00,7.722142540682836120e+00,7.233076715191523398e+00
7.000000000000000000e+00,3.658881248781485596e+01,-9.254477324056676224e+00,3.720000000000000284e+01,9.000000000000000000e+00,7.737515950849626734e+00,6.960597585227816353e+00
7.000000000000000000e+00,3.648095487155277539e+01,-1.228537299788017201e+01,3.720000000000000284e+01,1.200000000000000000e+01,7.596718462863446319e+00,6.900121244490481587e+00
7.000000000000000000e+00,3.645783294499289440e+01,-1.991909599738849934e+01,3.720000000000000284e+01,2.000000000000000000e+01,8.220940765591246091e+00,7.538891086146866094e+00
7.000000000000000000e+00,3.601890295985732138e+01,-2.793558648120039223e+01,3.720000000000000284e+01,2.800000000000000000e+01,9.439770954209427245e+00,7.638069725336696258e+00
7.000000000000000000e+00,3.602034970585241780e+01,-3.624593350311750584e+01,3.720000000000000284e+01,3.600000000000000000e+01,1.072339335894289825e+01,8.916284900954174475e+00
7.000000000000000000e+00,3.524740082154812626e+01,-4.402866299499226699e+01,3.720000000000000284e+01,4.400000000000000000e+01,1.407075741603077290e+01,9.238167701288469758e+00
7.000000000000000000e+00,4.378798340292527769e+01,4.247792735505389317e+01,4.650000000000000000e+01,-4.400000000000000000e+01,1.475652334634734153e+01,8.132466581641830672e+00
7.000000000000000000e+00,4.426328214261539529e+01,3.494554534140837632e+01,4.650000000000000000e+01,-3.600000000000000000e+01,1.299363750210113011e+01,7.781296414370451942e+00
7.000000000000000000e+00,4.507907615868510476e+01,2.682445569048858403e+01,4.650000000000000000e+01,-2.800000000000000000e+01,1.028613382912232943e+01,7.155042966186662134e+00
7.000000000000000000e+00,4.514794383133629196e+01,1.904600878591090662e+01,4.650000000000000000e+01,-2.000000000000000000e+01,9.156845612608037754e+00,7.100775995019128040e+00
7.000000000000000000e+00,4.520596541364796650e+01,1.119584319992743282e+01,4.650000000000000000e+01,-1.200000000000000000e+01,8.842353685105647898e+00,6.790042649093568805e+00
7.000000000000000000e+00,4.538815130253174601e+01,8.268900833754161184e+00,4.650000000000000000e+01,-9.000000000000000000e+00,8.035220496022089876e+00,6.845551865103375100e+00
7.000000000000000000e+00,4.539220940806905702e+01,5.572587001854305555e+00,4.650000000000000000e+01,-6.000000000000000000e+00,8.532880879364647342e+00,6.666704881967422835e+00
7.000000000000000000e+00,4.532251449738764393e+01,-4.492139070328058925e-01,4.650000000000000000e+01,0.000000000000000000e+00,8.577333638800512361e+00,6.610407117876110128e+00
7.000000000000000000e+00,4.533776426047174368e+01,-6.452523791753451476e+00,4.650000000000000000e+01,6.000000000000000000e+00,8.540047450382386884e+00,6.959610335319622365e+00
7.000000000000000000e+00,4.522297408170070554e+01,-9.315140048133685013e+00,4.650000000000000000e+01,9.000000000000000000e+00,8.062795373391431042e+00,6.998383766723656585e+00
7.000000000000000000e+00,4.527422506781942246e+01,-1.208927080542282795e+01,4.650000000000000000e+01,1.200000000000000000e+01,8.552991626582612028e+00,6.992881825602127677e+00
7.000000000000000000e+00,4.500784906820425846e+01,-2.009951062200668659e+01,4.650000000000000000e+01,2.000000000000000000e+01,9.877763463823331591e+00,7.071074142097321769e+00
7.000000000000000000e+00,4.451049646704128548e+01,-2.825772651133073410e+01,4.650000000000000000e+01,2.800000000000000000e+01,1.088407330661810946e+01,7.904883105541268051e+00
7.000000000000000000e+00,4.401754772637868740e+01,-3.598963129290191887e+01,4.650000000000000000e+01,3.600000000000000000e+01,1.295375676236906060e+01,8.335406311568821280e+00
7.000000000000000000e+00,4.256205386913627109e+01,-4.374105125230290270e+01,4.650000000000000000e+01,4.400000000000000000e+01,1.668542046591199579e+01,9.182058673932278481e+00
7.000000000000000000e+00,5.255906388769827231e+01,4.220876228087134052e+01,5.529999999999999716e+01,-4.400000000000000000e+01,2.668078452719256788e+01,9.435327496281361803e+00
7.000000000000000000e+00,5.304314965281140815e+01,3.470002234225312066e+01,5.529999999999999716e+01,-3.600000000000000000e+01,1.812516951385380182e+01,7.972948027713688823e+00
7.000000000000000000e+00,5.291542569533692131e+01,2.714773718962031168e+01,5.529999999999999716e+01,-2.800000000000000000e+01,1.611584088647872548e+01,7.707313948681132842e+00
7.000000000000000000e+00,5.281942724336957440e+01,1.883131422285366341e+01,5.529999999999999716e+01,-2.000000000000000000e+01,1.256358401345849707e+01,6.501519585961529124e+00
7.000000000000000000e+00,5.330822001179112135e+01,1.119179069948855521e+01,5.529999999999999716e+01,-1.200000000000000000e+01,1.218199625610035852e+01,6.947291258925011093e+00
7.000000000000000000e+00,5.336644279344188391e+01,8.162155244765743944e+00,5.529999999999999716e+01,-9.000000000000000000e+00,1.050144852805023632e+01,6.710953135849659468e+00
7.000000000000000000e+00,5.326343013734526011e+01,5.553534437504400678e+00,5.529999999999999716e+01,-6.000000000000000000e+00,1.130911813694185497e+01,7.409070264633722758e+00
7.000000000000000000e+00,5.310938863429571910e+01,-6.336284649789681866e-01,5.529999999999999716e+01,0.000000000000000000e+00,1.180460635408789827e+01,6.745368427421327695e+00
7.000000000000000000e+00,5.336950919689198969e+01,-6.617319137861234601e+00,5.529999999999999716e+01,6.000000000000000000e+00,1.013255594771774248e+01,7.148502650659754210e+00
7.000000000000000000e+00,5.322710873738643755e+01,-9.549322216203751879e+00,5.529999999999999716e+01,9.000000000000000000e+00,1.155628781543595984e+01,6.396360451306082773e+00
7.000000000000000000e+00,5.300185183266895450e+01,-1.229734060978670129e+01,5.529999999999999716e+01,1.200000000000000000e+01,1.190574994514970797e+01,6.813294256928769776e+00
7.000000000000000000e+00,5.227531227833796379e+01,-2.019207776817364319e+01,5.529999999999999716e+01,2.000000000000000000e+01,1.403418660169218413e+01,6.859236892632433857e+00
7.000000000000000000e+00,5.210204328516936556e+01,-2.843078045170734924e+01,5.529999999999999716e+01,2.800000000000000000e+01,1.542361441687840440e+01,7.627562722516737281e+00
7.000000000000000000e+00,5.275380227153505786e+01,-3.599620524754818263e+01,5.529999999999999716e+01,3.600000000000000000e+01,1.922448319053674126e+01,9.185961374558194947e+00
7.000000000000000000e+00,4.897896962078350214e+01,-4.379060017883689682e+01,5.529999999999999716e+01,4.400000000000000000e+01,2.460213020254885663e+01,9.999000872470361401e+00
1.000000000000000000e+01,2.061816097815108773e+00,4.309805874638738743e+01,0.000000000000000000e+00,-4.400000000000000000e+01,6.168187564439469028e+00,7.251373337585020451e+00
1.000000000000000000e+01,1.671490190631587769e+00,3.573589842662438087e+01,0.000000000000000000e+00,-3.600000000000000000e+01,4.887896502893744888e+00,6.852754271044260825e+00
1.000000000000000000e+01,1.553448744994166297e+00,2.831156885573412296e+01,0.000000000000000000e+00,-2.800000000000000000e+01,4.697964768941273128e+00,6.650995082720879914e+00
1.000000000000000000e+01,1.202777073710932454e+00,2.053187334353554050e+01,0.000000000000000000e+00,-2.000000000000000000e+01,4.225731559272858817e+00,6.714654440010467518e+00
1.000000000000000000e+01,1.115388651762328820e+00,1.267432678767797505e+01,0.000000000000000000e+00,-1.200000000000000000e+01,4.046433241487116916e+00,6.942203301431577600e+00
1.000000000000000000e+01,1.125948168949624240e+00,9.760265671578212121e+00,0.000000000000000000e+00,-9.000000000000000000e+00,4.238698044306142165e+00,6.447294007030784257e+00
1.000000000000000000e+01,1.072136656956089729e+00,6.716077464303964462e+00,0.000000000000000000e+00,-6.000000000000000000e+00,4.181433347066759509e+00,6.965898874407453256e+00
1.000000000000000000e+01,9.126387200743859562e-01,5.647283353880921952e-01,0.000000000000000000e+00,0.000000000000000000e+00,3.973140997843942479e+00,6.543770789838731616e+00
1.000000000000000000e+01,9.648976150839344568e-01,-5.468553350308027916e+00,0.000000000000000000e+00,6.000000000000000000e+00,3.695828199594050290e+00,6.669307100310393643e+00
1.000000000000000000e+01,9.846314244149214634e-01,-8.533358361480798848e+00,0.000000000000000000e+00,9.000000000000000000e+00,4.346416697266734630e+00,6.409013712562217968e+00
1.000000000000000000e+01,9.629110659603065114e-01,-1.134465478905824831e+01,0.000000000000000000e+00,1.200000000000000000e+01,4.004970519476203528e+00,6.963780583018180259e+00
1.000000000000000000e+01,9.684249790385487389e-01,-1.935274911402875375e+01,0.000000000000000000e+00,2.000000000000000000e+01,4.657926169360031565e+00,7.171482021883977431e+00
1.000000000000000000e+01,1.064106563096588909e+00,-2.751797939599744680e+01,0.000000000000000000e+00,2.800000000000000000e+01,4.679337348565806742e+00,7.641915511421938589e+00
1.000000000000000000e+01,1.413615053387555776e+00,-3.536014296588621164e+01,0.000000000000000000e+00,3.600000000000000000e+01,4.869879578866450842e+00,7.153465485081653696e+00
1.000000000000000000e+01,1.981194172012616272e+00,-4.335880984834578555e+01,0.000000000000000000e+00,4.400000000000000000e+01,6.190528116825450233e+00,7.765554104449560846e+00
1.000000000000000000e+01,1.037329303464519370e+01,4.364910249239605378e+01,1.000000000000000000e+01,-4.400000000000000000e+01,1.068681888811676473e+01,7.109789275975972878e+00
1.000000000000000000e+01,1.037444622353942059e+01,3.603863207465122542e+01,1.000000000000000000e+01,-3.600000000000000000e+01,8.575841144893544765e+00,6.516636126201303725e+00
1.000000000000000000e+01,1.004072866475924286e+01,2.821471958224844911e+01,1.000000000000000000e+01,-2.800000000000000000e+01,7.733395082212860316e+00,6.485367651500634878e+00
1.000000000000000000e+01,9.927131144302260068e+00,2.050719928817536086e+01,1.000000000000000000e+01,-2.000000000000000000e+01,6.839898648259596925e+00,6.667894527176448705e+00
1.000000000000000000e+01,1.003785210878188749e+01,1.274591181076791635e+01,1.000000000000000000e+01,-1.200000000000000000e+01,6.030917449999820157e+00,6.923889521495491195e+00
1.000000000000000000e+01,1.005869204618875123e+01,9.686949257170919481e+00,1.000000000000000000e+01,-9.000000000000000000e+00,6.232816827046114838e+00,6.287985919989065309e+00
1.000000000000000000e+01,1.006164463017428012e+01,6.602524112872895756e+00,1.000000000000000000e+01,-6.000000000000000000e+00,5.893593090714920102e+00,6.218107172344896405e+00
1.000000000000000000e+01,1.005114007657199160e+01,5.529477156891752232e-01,1.000000000000000000e+01,0.000000000000000000e+00,6.331427914679221836e+00,6.687835911159640823e+00
1.000000000000000000e+01,9.937850079810454318e+00,-5.741687732907407415e+00,1.000000000000000000e+01,6.000000000000000000e+00,6.113016179101237846e+00,6.827947130041702728e+00
1.000000000000000000e+01,1.002964212671362354e+01,-8.688175314226812773e+00,1.000000000000000000e+01,9.000000000000000000e+00,6.116553196828932393e+00,6.410390523181534128e+00
1.000000000000000000e+01,9.964876701935857284e+00,-1.181990431878015002e+01,1.000000000000000000e+01,1.200000000000000000e+01,6.233503288769757233e+00,6.567899631492991830e+00
1.000000000000000000e+01,9.926092284234060870e+00,-2.000708051888153349e+01,1.000000000000000000e+01,2.000000000000000000e+01,6.662067754482698057e+00,6.822611305895291522e+00
1.000000000000000000e+01,9.643502072642647249e+00,-2.772719607262828134e+01,1.000000000000000000e+01,2.800000000000000000e+01,7.479082356806770804e+00,6.472448329998144345e+00
1.000000000000000000e+01,9.515709966099835881e+00,-3.601431517126707860e+01,1.000000000000000000e+01,3.600000000000000000e+01,9.435843353873451633e+00,7.106647105947446086e+00
1.000000000000000000e+01,9.561978881565135424e+00,-4.410701029350134661e+01,1.000000000000000000e+01,4.400000000000000000e+01,1.097153004866413006e+01,7.622572739817558229e+00
1.000000000000000000e+01,1.884498424345691348e+01,4.367759654090577470e+01,1.900000000000000000e+01,-4.400000000000000000e+01,1.007146719261645096e+01,7.269187298124866636e+00
1.000000000000000000e+01,1.897530114134605128e+01,3.589975243010428585e+01,1.900000000000000000e+01,-3.600000000000000000e+01,8.447581873314243595e+00,6.525972106644683635e+00
1.000000000000000000e+01,1.920477546558877791e+01,2.812377319095876871e+01,1.900000000000000000e+01,-2.800000000000000000e+01,6.731239199034304121e+00,6.139831805932968400e+00
1.000000000000000000e+01,1.914806154851047992e+01,2.039044279101129931e+01,1.900000000000000000e+01,-2.000000000000000000e+01,6.126561053069226936e+00,6.099407892462028080e+00
1.000000000000000000e+01,1.917112014275247134e+01,1.248928358356233126e+01,1.900000000000000000e+01,-1.200000000000000000e+01,5.961717321859828722e+00,6.095220160241935581e+00
1.000000000000000000e+01,1.918405574917336054e+01,9.511176791760560079e+00,1.900000000000000000e+01,-9.000000000000000000e+00,5.993456133572824918e+00,6.394451752529019650e+00
1.000000000000000000e+01,1.916966425420666909e+01,6.413888790747996893e+00,1.900000000000000000e+01,-6.000000000000000000e+00,5.773393041665330294e+00,6.453080763576028112e+00
1.000000000000000000e+01,1.921520482337372826e+01,3.598441139422492441e-01,1.900000000000000000e+01,0.000000000000000000e+00,5.485552076492223428e+00,6.405397429721771729e+00
1.000000000000000000e+01,1.905837216429581105e+01,-5.986557639302332312e+00,1.900000000000000000e+01,6.000000000000000000e+00,5.427736138631622076e+00,6.379037807065896182e+00
1.000000000000000000e+01,1.905012975445338697e+01,-8.876625283935631217e+00,1.900000000000000000e+01,9.000000000000000000e+00,5.780509534612198408e+00,6.342820390958390675e+00
1.000000000000000000e+01,1.889589548357796289e+01,-1.185966430818667838e+01,1.900000000000000000e+01,1.200000000000000000e+01,6.053840445732166842e+00,6.179128826338772917e+00
1.000000000000000000e+01,1.887031896773677175e+01,-1.998304886943175873e+01,1.900000000000000000e+01,2.000000000000000000e+01,6.264720592804569499e+00,6.183348215679873583e+00
1.000000000000000000e+01,1.877518908782922935e+01,-2.806995875397432627e+01,1.900000000000000000e+01,2.800000000000000000e+01,7.115603513189888929e+00,6.419492018953535606e+00
1.000000000000000000e+01,1.852842258245942375e+01,-3.612971191581628716e+01,1.900000000000000000e+01,3.600000000000000000e+01,7.850682229273621360e+00,6.506708208264230464e+00
1.000000000000000000e+01,1.843423608828571858e+01,-4.441905219323647458e+01,1.900000000000000000e+01,4.400000000000000000e+01,1.072121026013810408e+01,6.983466371154485763e+00
1.000000000000000000e+01,2.802136123009043800e+01,4.353248805175599045e+01,2.850000000000000000e+01,-4.400000000000000000e+01,9.796935868496134958e+00,6.727630330611010123e+00
1.000000000000000000e+01,2.821009103955078956e+01,3.548496061372392063e+01,2.850000000000000000e+01,-3.600000000000000000e+01,7.118311928090368390e+00,6.072754193615018004e+00
1.000000000000000000e+01,2.850175716880665178e+01,2.763145656197069044e+01,2.850000000000000000e+01,-2.800000000000000000e+01,6.843928595833776107e+00,6.005514796015400947e+00
1.000000000000000000e+01,2.853757853266001021e+01,2.013893742192732361e+01,2.850000000000000000e+01,-2.000000000000000000e+01,6.348385155997285700e+00,6.161314604724422495e+00
1.000000000000000000e+01,2.860166949474546882e+01,1.207716211382075144e+01,2.850000000000000000e+01,-1.200000000000000000e+01,5.396893000789376060e+00,6.166426169603398399e+00
1.000000000000000000e+01,2.844197208005674327e+01,9.187333234725157283e+00,2.850000000000000000e+01,-9.000000000000000000e+00,5.672268501002005969e+00,5.846845631347163064e+00
1.000000000000000000e+01,2.857812341140098056e+01,6.146772656508344035e+00,2.850000000000000000e+01,-6.000000000000000000e+00,5.486831288052862909e+00,6.031010383480023940e+00
1.000000000000000000e+01,2.844860633422964113e+01,1.218571940025579975e-01,2.850000000000000000e+01,0.000000000000000000e+00,5.444469494225931960e+00,6.162151137428038439e+00
1.000000000000000000e+01,2.843717062419450059e+01,-5.943086301326833798e+00,2.850000000000000000e+01,6.000000000000000000e+00,5.509494517439782690e+00,6.004015547843403411e+00
1.000000000000000000e+01,2.849034311037113909e+01,-8.935553003905791769e+00,2.850000000000000000e+01,9.000000000000000000e+00,5.703518278893151994e+00,5.777672997323102244e+00
1.000000000000000000e+01,2.840415373800296095e+01,-1.193268082462332913e+01,2.850000000000000000e+01,1.200000000000000000e+01,6.009746468826667964e+00,5.964599310983895286e+00
1.000000000000000000e+01,2.838551982149502351e+01,-1.992344931287220788e+01,2.850000000000000000e+01,2.000000000000000000e+01,6.212101474387309530e+00,5.675464048865478617e+00
1.000000000000000000e+01,2.799968611919689820e+01,-2.796249807781916275e+01,2.850000000000000000e+01,2.800000000000000000e+01,6.748286121398370696e+00,6.138018618221950717e+00
1.000000000000000000e+01,2.773780449011474403e+01,-3.599176468848375521e+01,2.850000000000000000e+01,3.600000000000000000e+01,8.207783159329332889e+00,6.541487365422500311e+00
1.000000000000000000e+01,2.769247573079137581e+01,-4.429820954430346092e+01,2.850000000000000000e+01,4.400000000000000000e+01,9.557113953394086536e+00,6.830097394031375835e+00
1.000000000000000000e+01,3.639554544271268099e+01,4.310181889744993811e+01,3.720000000000000284e+01,-4.400000000000000000e+01,9.794936221836545442e+00,6.313798294561152602e+00
1.000000000000000000e+01,3.665789678381859318e+01,3.522288359577994044e+01,3.720000000000000284e+01,-3.600000000000000000e+01,8.371964551693192647e+00,6.305927019718835957e+00
1.000000000000000000e+01,3.669792464277904998e+01,2.725593943900125637e+01,3.720000000000000284e+01,-2.800000000000000000e+01,7.196303515276022189e+00,6.041898229183874314e+00
1.000000000000000000e+01,3.687443576004067580e+01,1.964366752202793265e+01,3.720000000000000284e+01,-2.000000000000000000e+01,6.121537116342747886e+00,5.523510447818419600e+00
1.000000000000000000e+01,3.694101631884255710e+01,1.176160360661804560e+01,3.720000000000000284e+01,-1.200000000000000000e+01,5.828630080627013044e+00,5.434228701941962392e+00
1.000000000000000000e+01,3.686964747611147430e+01,8.861242993866383699e+00,3.720000000000000284e+01,-9.000000000000000000e+00,5.736442356047718683e+00,5.820487856055080123e+00
1.000000000000000000e+01,3.678909943043768749e+01,5.989922795046927817e+00,3.720000000000000284e+01,-6.000000000000000000e+00,5.893875837458989686e+00,5.652602327188457565e+00
1.000000000000000000e+01,3.678721177115399144e+01,5.098851780275441559e-02,3.720000000000000284e+01,0.000000000000000000e+00,5.575877352756408278e+00,5.662719057668868849e+00
1.000000000000000000e+01,3.677079560844167361e+01,-6.073785888510269793e+00,3.720000000000000284e+01,6.000000000000000000e+00,5.828017599698618767e+00,5.418279280053412528e+00
1.000000000000000000e+01,3.683862024240401922e+01,-8.968764233859777946e+00,3.720000000000000284e+01,9.000000000000000000e+00,5.789001188704964385e+00,5.449723898175354186e+00
1.000000000000000000e+01,3.677901658942092666e+01,-1.190073063781013119e+01,3.720000000000000284e+01,1.200000000000000000e+01,6.053100185890072815e+00,5.707482613718124043e+00
1.000000000000000000e+01,3.673634275524753434e+01,-1.997264868273803273e+01,3.720000000000000284e+01,2.000000000000000000e+01,6.475802816720945820e+00,5.637920724233643099e+00
1.000000000000000000e+01,3.647918418276832853e+01,-2.790499536583243056e+01,3.720000000000000284e+01,2.800000000000000000e+01,6.987840987138392634e+00,6.243656327608539947e+00
1.000000000000000000e+01,3.621658233538072835e+01,-3.585570035908965281e+01,3.720000000000000284e+01,3.600000000000000000e+01,7.839201346829914208e+00,6.040035700087329928e+00
1.000000000000000000e+01,3.579557249346193970e+01,-4.397595864954772793e+01,3.720000000000000284e+01,4.400000000000000000e+01,1.051610030286298425e+01,6.275506147699949189e+00
1.000000000000000000e+01,4.428417984770978677e+01,4.284920697747435980e+01,4.650000000000000000e+01,-4.400000000000000000e+01,1.149410681224041042e+01,6.476468373736176787e+00
1.000000000000000000e+01,4.534970136402574070e+01,3.501926295805218103e+01,4.650000000000000000e+01,-3.600000000000000000e+01,8.657114184513005739e+00,5.994923771157322889e+00
1.000000000000000000e+01,4.534247335555168945e+01,2.734348716291431813e+01,4.650000000000000000e+01,-2.800000000000000000e+01,7.906333777140343244e+00,5.799602121001021793e+00
1.000000000000000000e+01,4.571543109247214431e+01,1.933419716845494918e+01,4.650000000000000000e+01,-2.000000000000000000e+01,6.559582575337818078e+00,5.034361948497335426e+00
1.000000000000000000e+01,4.563310363890177257e+01,1.164851792564861555e+01,4.650000000000000000e+01,-1.200000000000000000e+01,6.332672951419093366e+00,5.221648991332776824e+00
1.000000000000000000e+01,4.564870491278995956e+01,8.606047119301662107e+00,4.650000000000000000e+01,-9.000000000000000000e+00,5.926581942380171775e+00,5.143154392976283518e+00
1.000000000000000000e+01,4.576898358391699873e+01,5.678843066256260563e+00,4.650000000000000000e+01,-6.000000000000000000e+00,6.116655323316310344e+00,5.263149698741279359e+00
1.000000000000000000e+01,4.559209214631239604e+01,-5.128546659579009265e-02,4.650000000000000000e+01,0.000000000000000000e+00,6.236791102811082510e+00,5.612767825700152535e+00
1.000000000000000000e+01,4.571682684869999491e+01,-6.124872126628600810e+00,4.650000000000000000e+01,6.000000000000000000e+00,6.171876572810253592e+00,5.164707597441711151e+00
1.000000000000000000e+01,4.559381500614116334e+01,-9.181782984746540421e+00,4.650000000000000000e+01,9.000000000000000000e+00,5.944114944711802906e+00,5.406720803574961209e+00
1.000000000000000000e+01,4.551496225889415115e+01,-1.203784021308217334e+01,4.650000000000000000e+01,1.200000000000000000e+01,6.544289863392632078e+00,5.429277308322168594e+00
1.000000000000000000e+01,4.532661746781801071e+01,-1.985844002984801193e+01,4.650000000000000000e+01,2.000000000000000000e+01,6.766271709060204920e+00,5.398442222720523986e+00
1.000000000000000000e+01,4.529854805203624579e+01,-2.791335098815876492e+01,4.650000000000000000e+01,2.800000000000000000e+01,7.673030592461175026e+00,5.864216305979085497e+00
1.000000000000000000e+01,4.480173099812000004e+01,-3.611637429570880187e+01,4.650000000000000000e+01,3.600000000000000000e+01,9.360527900762365405e+00,6.148968201156632674e+00
1.000000000000000000e+01,4.375882943655599888e+01,-4.376892495756224122e+01,4.650000000000000000e+01,4.400000000000000000e+01,1.107611672219631771e+01,6.255111648440756511e+00
1.000000000000000000e+01,5.173436973245124193e+01,4.262301501949833948e+01,5.529999999999999716e+01,-4.400000000000000000e+01,1.836713700203429056e+01,6.490203182738351728e+00
1.000000000000000000e+01,5.311651302836509814e+01,3.491072176788704695e+01,5.529999999999999716e+01,-3.600000000000000000e+01,1.414276987837212829e+01,5.587080093823298732e+00
1.000000000000000000e+01,5.348715710107879318e+01,2.697703769041418553e+01,5.529999999999999716e+01,-2.800000000000000000e+01,1.028161796007912976e+01,5.748993340131529628e+00
1.000000000000000000e+01,5.366996554157247346e+01,1.904179170448314551e+01,5.529999999999999716e+01,-2.000000000000000000e+01,8.900437812129256443e+00,5.064251479360303954e+00
1.000000000000000000e+01,5.381488447199070180e+01,1.133959122621875437e+01,5.529999999999999716e+01,-1.200000000000000000e+01,8.542189673879539313e+00,5.067234501612888131e+00
1.000000000000000000e+01,5.387830271435911555e+01,8.337628470784977708e+00,5.529999999999999716e+01,-9.000000000000000000e+00,8.162155341371230222e+00,5.400745720888981083e+00
1.000000000000000000e+01,5.376189835852446919e+01,5.625103271728925769e+00,5.529999999999999716e+01,-6.000000000000000000e+00,8.389737306917860238e+00,5.047405981992565849e+00
1.000000000000000000e+01,5.375930639143899015e+01,-4.025044492639338611e-01,5.529999999999999716e+01,0.000000000000000000e+00,8.413392818393395700e+00,5.108417952282185759e+00
1.000000000000000000e+01,5.382348991401276095e+01,-6.344507500911636733e+00,5.529999999999999716e+01,6.000000000000000000e+00,8.137936909025798471e+00,5.339958354500754290e+00
1.000000000000000000e+01,5.364500162018894969e+01,-9.161415494630654521e+00,5.529999999999999716e+01,9.000000000000000000e+00,8.288816767844059186e+00,5.355892332447982795e+00
1.000000000000000000e+01,5.364017387088077271e+01,-1.225265686075017868e+01,5.529999999999999716e+01,1.200000000000000000e+01,8.483468397523736826e+00,5.207062823044081412e+00
1.000000000000000000e+01,5.333758275111198088e+01,-1.990043565949840243e+01,5.529999999999999716e+01,2.000000000000000000e+01,9.296489529495767457e+00,5.335459391825722264e+00
1.000000000000000000e+01,5.301777007183675039e+01,-2.809617888976013589e+01,5.529999999999999716e+01,2.800000000000000000e+01,1.090961822632666589e+01,5.872439237393498601e+00
1.000000000000000000e+01,5.214539172478551166e+01,-3.605782394471791719e+01,5.529999999999999716e+01,3.600000000000000000e+01,1.448332054601714880e+01,6.008398230749491198e+00
1.000000000000000000e+01,5.039699342450823139e+01,-4.395975231256298343e+01,5.529999999999999716e+01,4.400000000000000000e+01,1.898757906891523817e+01,6.885815017662567428e+00
2.000000000000000000e+01,1.129203090372721485e+00,4.371619512646346806e+01,0.000000000000000000e+00,-4.400000000000000000e+01,3.860511845167854172e+00,4.829739728412494770e+00
2.000000000000000000e+01,8.750673012184305710e-01,3.618766124446904797e+01,0.000000000000000000e+00,-3.600000000000000000e+01,3.777525597798483403e+00,4.736550927028469360e+00
2.000000000000000000e+01,7.697903684288810444e-01,2.847075986572284378e+01,0.000000000000000000e+00,-2.800000000000000000e+01,3.366233460705941205e+00,4.655265925732446242e+00
2.000000000000000000e+01,6.493206220871080570e-01,2.093726909735806530e+01,0.000000000000000000e+00,-2.000000000000000000e+01,2.790969695687033347e+00,5.014271987442034728e+00
2.000000000000000000e+01,4.804238358861050440e-01,1.296903759048204563e+01,0.000000000000000000e+00,-1.200000000000000000e+01,2.854342359659979955e+00,5.055614276610388202e+00
2.000000000000000000e+01,4.878995653656832965e-01,9.949338151965944732e+00,0.000000000000000000e+00,-9.000000000000000000e+00,2.652188238300070111e+00,4.758410204205920202e+00
2.000000000000000000e+01,4.082199202840312013e-01,6.810100425452218609e+00,0.000000000000000000e+00,-6.000000000000000000e+00,2.401215337263300498e+00,4.991181853722668649e+00
2.000000000000000000e+01,4.493331303842242885e-01,9.268919909056216877e-01,0.000000000000000000e+00,0.000000000000000000e+00,2.894662087529043859e+00,4.979567163641968719e+00
2.000000000000000000e+01,3.769701660795030662e-01,-5.070539872501586665e+00,0.000000000000000000e+00,6.000000000000000000e+00,2.861211906984669984e+00,4.992867910312799751e+00
2.000000000000000000e+01,3.717830950933698198e-01,-8.284678415142064267e+00,0.000000000000000000e+00,9.000000000000000000e+00,2.240237764750705907e+00,5.009285102954442515e+00
2.000000000000000000e+01,4.636623256343628263e-01,-1.121046533119904076e+01,0.000000000000000000e+00,1.200000000000000000e+01,2.613646968323604991e+00,4.825237501480797775e+00
2.000000000000000000e+01,4.035806091989803668e-01,-1.920122037825302286e+01,0.000000000000000000e+00,2.000000000000000000e+01,2.868152194085617612e+00,4.758127095846209187e+00
2.000000000000000000e+01,5.092994038162775849e-01,-2.728571294676448744e+01,0.000000000000000000e+00,2.800000000000000000e+01,3.115062954534867590e+00,5.002706922525616662e+00
2.000000000000000000e+01,6.650186874704973050e-01,-3.540869622560989427e+01,0.000000000000000000e+00,3.600000000000000000e+01,3.380956460305573952e+00,4.848914114364734296e+00
2.000000000000000000e+01,8.649378728246537307e-01,-4.327988974837346348e+01,0.000000000000000000e+00,4.400000000000000000e+01,4.048021769335687914e+00,4.906493130909762357e+00
2.000000000000000000e+01,1.001342136182785936e+01,4.408725938075221507e+01,1.000000000000000000e+01,-4.400000000000000000e+01,6.010350487270867070e+00,4.737164747672213849e+00
2.000000000000000000e+01,1.019207409018856403e+01,3.644603864369618407e+01,1.000000000000000000e+01,-3.600000000000000000e+01,5.181243550518598973e+00,4.460315927681832271e+00
2.000000000000000000e+01,1.023282611456450830e+01,2.861800887109998115e+01,1.000000000000000000e+01,-2.800000000000000000e+01,4.499414619984478669e+00,4.637645822944479690e+00
2.000000000000000000e+01,1.027385002898278188e+01,2.089517355631295104e+01,1.000000000000000000e+01,-2.000000000000000000e+01,4.000321586340115587e+00,4.683448495495878383e+00
2.000000000000000000e+01,1.026769722100713977e+01,1.296022660519991021e+01,1.000000000000000000e+01,-1.200000000000000000e+01,3.666949999541330385e+00,4.794204074520914460e+00
2.000000000000000000e+01,1.026137989367930992e+01,9.975995173339546440e+00,1.000000000000000000e+01,-9.000000000000000000e+00,3.717278753896225307e+00,4.731205351821389904e+00
2.000000000000000000e+01,1.024752265417564701e+01,6.814922647798286270e+00,1.000000000000000000e+01,-6.000000000000000000e+00,3.718463872769925516e+00,4.816182907618889786e+00
2.000000000000000000e+01,1.026903398913508525e+01,8.103095801384628816e-01,1.000000000000000000e+01,0.000000000000000000e+00,3.585162793623909661e+00,4.916242708787031290e+00
2.000000000000000000e+01,1.020222156942613445e+01,-5.261705673739655253e+00,1.000000000000000000e+01,6.000000000000000000e+00,3.597371956305463581e+00,4.890026041446951410e+00
2.000000000000000000e+01,1.017986341631378799e+01,-8.348822777398156703e+00,1.000000000000000000e+01,9.000000000000000000e+00,3.715296538458492837e+00,5.048612260600736867e+00
2.000000000000000000e+01,1.010484933468125490e+01,-1.144968946105687024e+01,1.000000000000000000e+01,1.200000000000000000e+01,3.738535359125588986e+00,4.985907097480499317e+00
2.000000000000000000e+01,1.002800737535069153e+01,-1.952199804892547164e+01,1.000000000000000000e+01,2.000000000000000000e+01,3.958072354944917493e+00,4.837052128627959746e+00
2.000000000000000000e+01,9.848624069818614046e+00,-2.757359170347931254e+01,1.000000000000000000e+01,2.800000000000000000e+01,4.413017229371840600e+00,4.749242448697496677e+00
2.000000000000000000e+01,9.749203165483940836e+00,-3.582906185679222233e+01,1.000000000000000000e+01,3.600000000000000000e+01,5.256928658884433503e+00,4.894774377313272140e+00
2.000000000000000000e+01,9.564002185316574867e+00,-4.406184136373931892e+01,1.000000000000000000e+01,4.400000000000000000e+01,6.471286953607126691e+00,4.641657600795715766e+00
2.000000000000000000e+01,1.911827995056025387e+01,4.405907515525507279e+01,1.900000000000000000e+01,-4.400000000000000000e+01,5.798863421327833834e+00,4.457705824605397993e+00
2.000000000000000000e+01,1.913715525851540633e+01,3.618668396088084194e+01,1.900000000000000000e+01,-3.600000000000000000e+01,4.599711708112323549e+00,4.209656847528956192e+00
2.000000000000000000e+01,1.921710038591915293e+01,2.850162722170496110e+01,1.900000000000000000e+01,-2.800000000000000000e+01,3.988828770649580413e+00,4.433792606718773399e+00
2.000000000000000000e+01,1.923859232590090684e+01,2.081176391905938416e+01,1.900000000000000000e+01,-2.000000000000000000e+01,3.528775993568709080e+00,4.501355092019236004e+00
2.000000000000000000e+01,1.924508135988823554e+01,1.269178198750494602e+01,1.900000000000000000e+01,-1.200000000000000000e+01,3.533512653698740902e+00,4.602149338623066299e+00
2.000000000000000000e+01,1.924037793963309895e+01,9.738772194096121382e+00,1.900000000000000000e+01,-9.000000000000000000e+00,3.401918702090954483e+00,4.600782746345053020e+00
2.000000000000000000e+01,1.924407613827442276e+01,6.721776603121072391e+00,1.900000000000000000e+01,-6.000000000000000000e+00,3.523285252920327792e+00,4.738174056202769435e+00
2.000000000000000000e+01,1.926596529718229434e+01,6.842514025481523099e-01,1.900000000000000000e+01,0.000000000000000000e+00,3.396750146795632030e+00,4.869375524237725905e+00
2.000000000000000000e+01,1.918540037050609470e+01,-5.479477189150064653e+00,1.900000000000000000e+01,6.000000000000000000e+00,3.510690324382033545e+00,4.722398631465283714e+00
2.000000000000000000e+01,1.916545035663025942e+01,-8.570100004529654925e+00,1.900000000000000000e+01,9.000000000000000000e+00,3.454335347238983722e+00,4.638103599923302234e+00
2.000000000000000000e+01,1.909766477207108082e+01,-1.167697722248124670e+01,1.900000000000000000e+01,1.200000000000000000e+01,3.608494951778558946e+00,4.713307803568240750e+00
2.000000000000000000e+01,1.893946480575286984e+01,-1.972381704183034401e+01,1.900000000000000000e+01,2.000000000000000000e+01,3.695148475623383444e+00,4.483798750665591193e+00
2.000000000000000000e+01,1.886885502061275588e+01,-2.766878569300565971e+01,1.900000000000000000e+01,2.800000000000000000e+01,4.004759037492394036e+00,4.615904939846665833e+00
2.000000000000000000e+01,1.865145988344314887e+01,-3.593443214692474186e+01,1.900000000000000000e+01,3.600000000000000000e+01,4.734559059222536170e+00,4.476232968744996654e+00
2.000000000000000000e+01,1.851725802360616413e+01,-4.422199366501298812e+01,1.900000000000000000e+01,4.400000000000000000e+01,5.987721177549653717e+00,4.536627868851696554e+00
2.000000000000000000e+01,2.844590181172107179e+01,4.381872802585617421e+01,2.850000000000000000e+01,-4.400000000000000000e+01,5.586330770070839336e+00,3.996566130077297441e+00
2.000000000000000000e+01,2.851296664642298140e+01,3.592434466161823536e+01,2.850000000000000000e+01,-3.600000000000000000e+01,4.608529350823047821e+00,4.171212176943125627e+00
2.000000000000000000e+01,2.863715006735260005e+01,2.798270270470032983e+01,2.850000000000000000e+01,-2.800000000000000000e+01,3.955696827433860641e+00,4.274163373236531172e+00
2.000000000000000000e+01,2.868454699228389870e+01,2.031560951840897289e+01,2.850000000000000000e+01,-2.000000000000000000e+01,3.492535783298529761e+00,4.228586255507453373e+00
2.000000000000000000e+01,2.866695074775977048e+01,1.246030230756836232e+01,2.850000000000000000e+01,-1.200000000000000000e+01,3.275182937560789487e+00,4.405607144428231869e+00
2.000000000000000000e+01,2.867231134313028917e+01,9.491019046735674536e+00,2.850000000000000000e+01,-9.000000000000000000e+00,3.144496330248249372e+00,4.332626767158090253e+00
2.000000000000000000e+01,2.865449037488855311e+01,6.504126782013192276e+00,2.850000000000000000e+01,-6.000000000000000000e+00,3.032883059921002822e+00,4.412617501654381158e+00
2.000000000000000000e+01,2.861727562958349580e+01,3.587779484404357566e-01,2.850000000000000000e+01,0.000000000000000000e+00,3.282319459054360955e+00,4.404688494650943476e+00
2.000000000000000000e+01,2.864514146573541709e+01,-5.658932991766390863e+00,2.850000000000000000e+01,6.000000000000000000e+00,3.230309885641633016e+00,4.437207635593262367e+00
2.000000000000000000e+01,2.853091093346517582e+01,-8.691778699893399462e+00,2.850000000000000000e+01,9.000000000000000000e+00,3.145868559939582809e+00,4.303127627221631890e+00
2.000000000000000000e+01,2.856415423101639561e+01,-1.164764884887697960e+01,2.850000000000000000e+01,1.200000000000000000e+01,3.268968117517490057e+00,4.391428212170578327e+00
2.000000000000000000e+01,2.840412351480837216e+01,-1.971937642124811774e+01,2.850000000000000000e+01,2.000000000000000000e+01,3.499467253876736184e+00,4.230974995735799382e+00
2.000000000000000000e+01,2.819285233593905815e+01,-2.774666801898570156e+01,2.850000000000000000e+01,2.800000000000000000e+01,4.147365770450074152e+00,4.563232140264272374e+00
2.000000000000000000e+01,2.810777220071330973e+01,-3.587068466603297168e+01,2.850000000000000000e+01,3.600000000000000000e+01,4.572382091938872684e+00,4.315111863320031382e+00
2.000000000000000000e+01,2.789231327825902795e+01,-4.408955142696105867e+01,2.850000000000000000e+01,4.400000000000000000e+01,5.574257029440754074e+00,4.213477332165427747e+00
2.000000000000000000e+01,3.674593384497729431e+01,4.338970672109869042e+01,3.720000000000000284e+01,-4.400000000000000000e+01,5.674383358535003197e+00,3.774863154194943338e+00
2.000000000000000000e+01,3.690455923288620710e+01,3.564098134250849625e+01,3.720000000000000284e+01,-3.600000000000000000e+01,4.714834193301653542e+00,4.031479324568066680e+00
2.000000000000000000e+01,3.694354708647219354e+01,2.770577842848909711e+01,3.720000000000000284e+01,-2.800000000000000000e+01,4.317612325894427450e+00,4.026076263619073892e+00
2.000000000000000000e+01,3.710937189662415392e+01,1.998350296236348811e+01,3.720000000000000284e+01,-2.000000000000000000e+01,3.749061765645310462e+00,4.032485542353936303e+00
2.000000000000000000e+01,3.707399456234043100e+01,1.218850154013213682e+01,3.720000000000000284e+01,-1.200000000000000000e+01,3.689828230096323658e+00,4.062271192913033957e+00
2.000000000000000000e+01,3.710863229834401267e+01,9.210337559771394567e+00,3.720000000000000284e+01,-9.000000000000000000e+00,3.652166554161837997e+00,4.170759808018327242e+00
2.000000000000000000e+01,3.703647516663957617e+01,6.244645559169697435e+00,3.720000000000000284e+01,-6.000000000000000000e+00,3.573498940472700891e+00,4.220684762594673067e+00
2.000000000000000000e+01,3.710037819394769798e+01,2.793214368284445692e-01,3.720000000000000284e+01,0.000000000000000000e+00,3.592765088138473395e+00,4.141607570816240091e+00
2.000000000000000000e+01,3.700806157532272778e+01,-5.710417980548343486e+00,3.720000000000000284e+01,6.000000000000000000e+00,3.554655990497034068e+00,4.170807196642003056e+00
2.000000000000000000e+01,3.704759512707953917e+01,-8.713965365256628459e+00,3.720000000000000284e+01,9.000000000000000000e+00,3.442844264204177662e+00,3.992313325676235980e+00
2.000000000000000000e+01,3.695187393627634265e+01,-1.177043227090145017e+01,3.720000000000000284e+01,1.200000000000000000e+01,3.561918950938885775e+00,4.067588040889434708e+00
2.000000000000000000e+01,3.690064094222033475e+01,-1.971534125954766026e+01,3.720000000000000284e+01,2.000000000000000000e+01,3.749381841826578299e+00,4.144307319132919609e+00
2.000000000000000000e+01,3.667645025168526018e+01,-2.768202503094483191e+01,3.720000000000000284e+01,2.800000000000000000e+01,4.074183201402441057e+00,4.109169135756675750e+00
2.000000000000000000e+01,3.649397596559982304e+01,-3.583693971904407505e+01,3.720000000000000284e+01,3.600000000000000000e+01,4.669740381772817805e+00,4.048932396699520986e+00
2.000000000000000000e+01,3.624215935746255468e+01,-4.381311935615730135e+01,3.720000000000000284e+01,4.400000000000000000e+01,5.754694191810148851e+00,4.112550547451113481e+00
2.000000000000000000e+01,4.532751680118776960e+01,4.302764364542721154e+01,4.650000000000000000e+01,-4.400000000000000000e+01,6.369342509045395673e+00,3.820082605839281609e+00
2.000000000000000000e+01,4.569086700000027434e+01,3.535337267664628058e+01,4.650000000000000000e+01,-3.600000000000000000e+01,5.515000425026543418e+00,3.790411893057969106e+00
2.000000000000000000e+01,4.586163285439178594e+01,2.737057369733043899e+01,4.650000000000000000e+01,-2.800000000000000000e+01,4.749712420956273995e+00,3.890770925400402369e+00
2.000000000000000000e+01,4.589493328979425968e+01,1.955286324628407968e+01,4.650000000000000000e+01,-2.000000000000000000e+01,4.094670686227527057e+00,3.628711210357341344e+00
2.000000000000000000e+01,4.590234589494568951e+01,1.179887248369869468e+01,4.650000000000000000e+01,-1.200000000000000000e+01,3.935078826589465173e+00,3.949018858652014963e+00
2.000000000000000000e+01,4.598843897279795101e+01,8.906817666537458322e+00,4.650000000000000000e+01,-9.000000000000000000e+00,3.778794354403870237e+00,3.838224482911070545e+00
2.000000000000000000e+01,4.593244168829683360e+01,5.974098284872509268e+00,4.650000000000000000e+01,-6.000000000000000000e+00,3.781729734460899550e+00,3.893891585038344871e+00
2.000000000000000000e+01,4.596244709914142135e+01,1.299173136526030892e-01,4.650000000000000000e+01,0.000000000000000000e+00,3.735940169222924823e+00,3.781683126516365512e+00
2.000000000000000000e+01,4.594098904807238171e+01,-5.892825866433822668e+00,4.650000000000000000e+01,6.000000000000000000e+00,3.823313316463337941e+00,3.855567801314301324e+00
2.000000000000000000e+01,4.590462275713122864e+01,-8.829952702132851883e+00,4.650000000000000000e+01,9.000000000000000000e+00,3.843260670089497122e+00,3.715337154014320742e+00
2.000000000000000000e+01,4.578640658055122259e+01,-1.175368955717795494e+01,4.650000000000000000e+01,1.200000000000000000e+01,3.820080303056208937e+00,3.773831252777467782e+00
2.000000000000000000e+01,4.576052697838235161e+01,-1.958909941832121504e+01,4.650000000000000000e+01,2.000000000000000000e+01,3.988501728789291434e+00,3.765677678379284465e+00
2.000000000000000000e+01,4.558992727150574353e+01,-2.760244415485209757e+01,4.650000000000000000e+01,2.800000000000000000e+01,4.777974760189027670e+00,3.797212806032558507e+00
2.000000000000000000e+01,4.538113921381802385e+01,-3.571607006033650578e+01,4.650000000000000000e+01,3.600000000000000000e+01,5.500979466329364520e+00,3.894489379416280261e+00
2.000000000000000000e+01,4.498584400137117711e+01,-4.367400181802103276e+01,4.650000000000000000e+01,4.400000000000000000e+01,6.301862432011762216e+00,3.860843101494220164e+00
2.000000000000000000e+01,5.277515136762891501e+01,4.301434004409526324e+01,5.529999999999999716e+01,-4.400000000000000000e+01,8.969479547808944631e+00,3.729836383528311039e+00
2.000000000000000000e+01,5.374643233118049324e+01,3.498226774928664184e+01,5.529999999999999716e+01,-3.600000000000000000e+01,6.877901606368876486e+00,3.579586943701145607e+00
2.000000000000000000e+01,5.414368428609305539e+01,2.717291279959594519e+01,5.529999999999999716e+01,-2.800000000000000000e+01,5.762435331375012737e+00,3.649110250352986196e+00
2.000000000000000000e+01,5.426230290891757591e+01,1.912291417040526298e+01,5.529999999999999716e+01,-2.000000000000000000e+01,5.214773677396367546e+00,3.556057872011135768e+00
2.000000000000000000e+01,5.429806531135984926e+01,1.159024426322613444e+01,5.529999999999999716e+01,-1.200000000000000000e+01,4.893201317851223919e+00,3.443451444973121056e+00
2.000000000000000000e+01,5.438646148179373085e+01,8.656614304369904644e+00,5.529999999999999716e+01,-9.000000000000000000e+00,4.692717781108743047e+00,3.604321537580829293e+00
2.000000000000000000e+01,5.432474512706959047e+01,5.762470777128227972e+00,5.529999999999999716e+01,-6.000000000000000000e+00,4.791610968719646202e+00,3.536073808707765220e+00
2.000000000000000000e+01,5.430769911165641872e+01,-7.951346683097369750e-02,5.529999999999999716e+01,0.000000000000000000e+00,4.685711187143950518e+00,3.546174921410893965e+00
2.000000000000000000e+01,5.423267141166023464e+01,-5.990819394911463647e+00,5.529999999999999716e+01,6.000000000000000000e+00,4.790666302934892151e+00,3.482602863977553476e+00
2.000000000000000000e+01,5.425162814436576042e+01,-8.867305734667578321e+00,5.529999999999999716e+01,9.000000000000000000e+00,4.747362147372338192e+00,3.383705936110926515e+00
2.000000000000000000e+01,5.417530212259180900e+01,-1.177780156538728207e+01,5.529999999999999716e+01,1.200000000000000000e+01,4.923346046349391436e+00,3.403818962520016811e+00
2.000000000000000000e+01,5.399056577025420722e+01,-1.971227188632186156e+01,5.529999999999999716e+01,2.000000000000000000e+01,5.273893977842899261e+00,3.679079271795269168e+00
2.000000000000000000e+01,5.378984600221254198e+01,-2.767684296481825257e+01,5.529999999999999716e+01,2.800000000000000000e+01,5.874307631891408477e+00,3.632746757476823518e+00
2.000000000000000000e+01,5.335682133644391456e+01,-3.569755314974342042e+01,5.529999999999999716e+01,3.600000000000000000e+01,7.191263906671999884e+00,3.694527073098755832e+00
2.000000000000000000e+01,5.230178818603160806e+01,-4.378380404517982072e+01,5.529999999999999716e+01,4.400000000000000000e+01,8.984539551781713485e+00,3.870332712839428702e+00
4.000000000000000000e+01,5.270843094473305346e-01,4.388080582531838303e+01,0.000000000000000000e+00,-4.400000000000000000e+01,3.248952431976292132e+00,3.660571188016656929e+00
4.000000000000000000e+01,7.677440097060052038e-01,3.629239590961943662e+01,0.000000000000000000e+00,-3.600000000000000000e+01,3.511007510642432994e+00,3.882431562541389880e+00
4.000000000000000000e+01,4.316678842971257701e-01,2.857891103571095925e+01,0.000000000000000000e+00,-2.800000000000000000e+01,3.093613959806655878e+00,4.113969832223784096e+00
4.000000000000000000e+01,2.687135934814505189e-01,2.094102576791870263e+01,0.000000000000000000e+00,-2.000000000000000000e+01,2.898781540346552887e+00,4.071578598486635947e+00
4.000000000000000000e+01,1.801794058769627394e-01,1.299897174032776981e+01,0.000000000000000000e+00,-1.200000000000000000e+01,2.649503993073206498e+00,4.172779989438908821e+00
4.000000000000000000e+01,2.843252661419553573e-01,9.973863624846600828e+00,0.000000000000000000e+00,-9.000000000000000000e+00,2.772809275630232939e+00,4.166369977482041520e+00
4.000000000000000000e+01,2.039535934940320261e-01,6.957797828569264986e+00,0.000000000000000000e+00,-6.000000000000000000e+00,2.527170908342828870e+00,4.485315197484140981e+00
4.000000000000000000e+01,3.184977272956315830e-01,9.822946095278370926e-01,0.000000000000000000e+00,0.000000000000000000e+00,2.698932155680613842e+00,4.605385853753309000e+00
4.000000000000000000e+01,1.324474643451759026e-01,-5.158136043563167128e+00,0.000000000000000000e+00,6.000000000000000000e+00,2.600270879012140046e+00,4.397160531896950886e+00
4.000000000000000000e+01,3.118450320388019281e-01,-8.171120079125101299e+00,0.000000000000000000e+00,9.000000000000000000e+00,2.683719538368975144e+00,4.465000768110196638e+00
4.000000000000000000e+01,8.977686924131786372e-02,-1.116568508397109838e+01,0.000000000000000000e+00,1.200000000000000000e+01,2.924177560069168624e+00,4.149389973932530395e+00
4.000000000000000000e+01,2.085303711233396085e-01,-1.919500042859804978e+01,0.000000000000000000e+00,2.000000000000000000e+01,2.155753379973389450e+00,4.164265108745112798e+00
4.000000000000000000e+01,3.193730876751880166e-01,-2.730787358122362107e+01,0.000000000000000000e+00,2.800000000000000000e+01,3.156568346275373305e+00,4.143667337285928731e+00
4.000000000000000000e+01,3.593575414438029969e-01,-3.533519414201587949e+01,0.000000000000000000e+00,3.600000000000000000e+01,3.413640379605896946e+00,4.194763635168893501e+00
4.000000000000000000e+01,2.135409710407243089e-01,-4.347334437261775975e+01,0.000000000000000000e+00,4.400000000000000000e+01,3.036547428038239183e+00,3.788079724900381695e+00
4.000000000000000000e+01,1.022913821285049529e+01,4.388103998203085609e+01,1.000000000000000000e+01,-4.400000000000000000e+01,3.567606079651494344e+00,3.413114843817015576e+00
4.000000000000000000e+01,1.058559095049887766e+01,3.635849513801424848e+01,1.000000000000000000e+01,-3.600000000000000000e+01,3.799656180630836211e+00,3.708953756730916318e+00
4.000000000000000000e+01,1.045092049799302458e+01,2.853658318928149029e+01,1.000000000000000000e+01,-2.800000000000000000e+01,3.304338890231596881e+00,3.870784691552188850e+00
4.000000000000000000e+01,1.034505373747454193e+01,2.088884475234483062e+01,1.000000000000000000e+01,-2.000000000000000000e+01,2.755723915973740556e+00,4.004977483351968459e+00
4.000000000000000000e+01,1.032090600463198626e+01,1.296782566175666673e+01,1.000000000000000000e+01,-1.200000000000000000e+01,2.529857175851220052e+00,4.247911611323461401e+00
4.000000000000000000e+01,1.028043264410766966e+01,9.878329526291171447e+00,1.000000000000000000e+01,-9.000000000000000000e+00,2.539767044775734117e+00,4.374954740964401623e+00
4.000000000000000000e+01,1.042188258284526192e+01,6.870215471027986354e+00,1.000000000000000000e+01,-6.000000000000000000e+00,2.728364689102730445e+00,4.361814433025646309e+00
4.000000000000000000e+01,1.041883601776068602e+01,8.844906812722558298e-01,1.000000000000000000e+01,0.000000000000000000e+00,2.775769440277553457e+00,4.399846018752353594e+00
4.000000000000000000e+01,1.041068801905209362e+01,-5.362516843505122921e+00,1.000000000000000000e+01,6.000000000000000000e+00,2.973159817158699703e+00,4.538659478232665023e+00
4.000000000000000000e+01,1.034827730986973471e+01,-8.387653411901743183e+00,1.000000000000000000e+01,9.000000000000000000e+00,2.716963596634987876e+00,4.267590400390598226e+00
4.000000000000000000e+01,1.017143378410175814e+01,-1.145826645618088868e+01,1.000000000000000000e+01,1.200000000000000000e+01,2.518042801544795317e+00,4.184813716433457564e+00
4.000000000000000000e+01,1.012792323505100889e+01,-1.950122111590577845e+01,1.000000000000000000e+01,2.000000000000000000e+01,2.741421677737355012e+00,4.262096556614498155e+00
4.000000000000000000e+01,1.001906220578115381e+01,-2.757641853987809810e+01,1.000000000000000000e+01,2.800000000000000000e+01,2.979387375175514219e+00,3.884912480021964321e+00
4.000000000000000000e+01,1.005552616083778261e+01,-3.567462744121257856e+01,1.000000000000000000e+01,3.600000000000000000e+01,3.859508882405324748e+00,3.991683720429959337e+00
4.000000000000000000e+01,9.677204393338172395e+00,-4.402398798819093173e+01,1.000000000000000000e+01,4.400000000000000000e+01,3.683004686509866676e+00,3.537368824220041397e+00
4.000000000000000000e+01,1.919413312966483431e+01,4.387957865103171429e+01,1.900000000000000000e+01,-4.400000000000000000e+01,3.450766755397011387e+00,3.220666017324949060e+00
4.000000000000000000e+01,1.921192800691338221e+01,3.621965106935129342e+01,1.900000000000000000e+01,-3.600000000000000000e+01,2.940278609982131641e+00,3.452886597582233819e+00
4.000000000000000000e+01,1.941234252951437966e+01,2.843175097728930112e+01,1.900000000000000000e+01,-2.800000000000000000e+01,2.468836403533871682e+00,3.531062372187136589e+00
4.000000000000000000e+01,1.939854884287108305e+01,2.067896550061172434e+01,1.900000000000000000e+01,-2.000000000000000000e+01,2.406105245501598322e+00,3.733768186344248452e+00
4.000000000000000000e+01,1.941519369046749333e+01,1.272375658325743508e+01,1.900000000000000000e+01,-1.200000000000000000e+01,2.420731963152912503e+00,4.011941384624010176e+00
4.000000000000000000e+01,1.945220521904590782e+01,9.732840088566751646e+00,1.900000000000000000e+01,-9.000000000000000000e+00,2.287848958930878140e+00,3.905997842178540402e+00
4.000000000000000000e+01,1.942003669502361873e+01,6.623917079304598055e+00,1.900000000000000000e+01,-6.000000000000000000e+00,2.329009659673943577e+00,4.064212917438362105e+00
4.000000000000000000e+01,1.937190377714568967e+01,7.180309011442242983e-01,1.900000000000000000e+01,0.000000000000000000e+00,2.334520501894210120e+00,4.213382223441106689e+00
4.000000000000000000e+01,1.933778540458732209e+01,-5.524523210213855506e+00,1.900000000000000000e+01,6.000000000000000000e+00,2.369689207911397588e+00,4.031861476786348319e+00
4.000000000000000000e+01,1.938439866526087840e+01,-8.525107944970859108e+00,1.900000000000000000e+01,9.000000000000000000e+00,2.085364124207949921e+00,3.947851554416046849e+00
4.000000000000000000e+01,1.927542559633116781e+01,-1.151110814164650265e+01,1.900000000000000000e+01,1.200000000000000000e+01,2.408645067727613220e+00,3.977943012266913048e+00
4.000000000000000000e+01,1.921390133314562121e+01,-1.965370270959391874e+01,1.900000000000000000e+01,2.000000000000000000e+01,2.439621469068867121e+00,3.898959813190661094e+00
4.000000000000000000e+01,1.905027688777421702e+01,-2.776906857290782327e+01,1.900000000000000000e+01,2.800000000000000000e+01,2.395763045258001878e+00,3.891435880196455699e+00
4.000000000000000000e+01,1.889825966254595713e+01,-3.589507252860560271e+01,1.900000000000000000e+01,3.600000000000000000e+01,2.705392759181553419e+00,3.541117445508665362e+00
4.000000000000000000e+01,1.871630798357436376e+01,-4.408463995850654271e+01,1.900000000000000000e+01,4.400000000000000000e+01,3.239069466646751660e+00,3.315189784688929109e+00
4.000000000000000000e+01,2.862658149644096284e+01,4.375869138048550155e+01,2.850000000000000000e+01,-4.400000000000000000e+01,3.203866476110624362e+00,3.041227251233436846e+00
4.000000000000000000e+01,2.847500661455178417e+01,3.589588417920840158e+01,2.850000000000000000e+01,-3.600000000000000000e+01,2.391995742850230755e+00,3.471798663762471371e+00
4.000000000000000000e+01,2.873935668959097711e+01,2.795388166009757569e+01,2.850000000000000000e+01,-2.800000000000000000e+01,2.662032789860189652e+00,3.570793053391001948e+00
4.000000000000000000e+01,2.873771786192371991e+01,2.024391192215847468e+01,2.850000000000000000e+01,-2.000000000000000000e+01,2.437833657916727681e+00,3.747339395805223017e+00
4.000000000000000000e+01,2.876879498703032567e+01,1.243938525480960955e+01,2.850000000000000000e+01,-1.200000000000000000e+01,2.415956897055853592e+00,3.739197697786135866e+00
4.000000000000000000e+01,2.876533476943384571e+01,9.344946204618564067e+00,2.850000000000000000e+01,-9.000000000000000000e+00,2.112008141440487208e+00,4.011359584890691110e+00
4.000000000000000000e+01,2.861698604309050253e+01,6.390469428277743447e+00,2.850000000000000000e+01,-6.000000000000000000e+00,2.377761424222746278e+00,4.119502262895340827e+00
4.000000000000000000e+01,2.863863154653626353e+01,4.645357390905931472e-01,2.850000000000000000e+01,0.000000000000000000e+00,2.112949830398227036e+00,4.164264049975236581e+00
4.000000000000000000e+01,2.859356078997249284e+01,-5.665545662725095077e+00,2.850000000000000000e+01,6.000000000000000000e+00,2.286519098655718452e+00,3.869360015244324380e+00
4.000000000000000000e+01,2.861103581629771853e+01,-8.753614905314389461e+00,2.850000000000000000e+01,9.000000000000000000e+00,2.263959037905828531e+00,3.967011843843994079e+00
4.000000000000000000e+01,2.867818856358772805e+01,-1.177887800864756862e+01,2.850000000000000000e+01,1.200000000000000000e+01,2.168891555932380477e+00,3.753290283603232691e+00
4.000000000000000000e+01,2.859834355375603465e+01,-1.977424002668323411e+01,2.850000000000000000e+01,2.000000000000000000e+01,2.437010098392027757e+00,3.867839732345189852e+00
4.000000000000000000e+01,2.845716498720662102e+01,-2.774661582015517070e+01,2.850000000000000000e+01,2.800000000000000000e+01,2.615704008591231755e+00,3.689302948196804710e+00
4.000000000000000000e+01,2.834904845641124282e+01,-3.591664833713164739e+01,2.850000000000000000e+01,3.600000000000000000e+01,2.514844721704193375e+00,3.403695854433138379e+00
4.000000000000000000e+01,2.816313090862594493e+01,-4.399883861548013186e+01,2.850000000000000000e+01,4.400000000000000000e+01,3.223646386655515617e+00,3.081440129411885387e+00
4.000000000000000000e+01,3.720637485982573622e+01,4.339650334498637818e+01,3.720000000000000284e+01,-4.400000000000000000e+01,3.432072963921180886e+00,2.726502139468112595e+00
4.000000000000000000e+01,3.725902675987248358e+01,3.550084176799126112e+01,3.720000000000000284e+01,-3.600000000000000000e+01,3.176092597598994871e+00,2.996730245039956220e+00
4.000000000000000000e+01,3.734506303878341527e+01,2.766093770934592655e+01,3.720000000000000284e+01,-2.800000000000000000e+01,3.018675970796321995e+00,3.244987326186218546e+00
4.000000000000000000e+01,3.727837632861405837e+01,1.996444920902567688e+01,3.720000000000000284e+01,-2.000000000000000000e+01,3.015390848598391571e+00,3.485557946786726813e+00
4.000000000000000000e+01,3.739413279669911105e+01,1.210595873580873061e+01,3.720000000000000284e+01,-1.200000000000000000e+01,2.712240867460883997e+00,3.632078501948222904e+00
4.000000000000000000e+01,3.727162989189581310e+01,9.039232915030114057e+00,3.720000000000000284e+01,-9.000000000000000000e+00,3.011377972747680154e+00,3.656287071275077682e+00
4.000000000000000000e+01,3.727695987600473870e+01,6.106575769895410843e+00,3.720000000000000284e+01,-6.000000000000000000e+00,2.799095865580668807e+00,3.657564572396920788e+00
4.000000000000000000e+01,3.725608830821999362e+01,2.096744772579839655e-01,3.720000000000000284e+01,0.000000000000000000e+00,3.180674552023746493e+00,3.890706658935619622e+00
4.000000000000000000e+01,3.716073146988446041e+01,-5.812416643447365416e+00,3.720000000000000284e+01,6.000000000000000000e+00,2.863273875180726957e+00,3.716344119272148472e+00
4.000000000000000000e+01,3.723780481406743803e+01,-8.775970202824995070e+00,3.720000000000000284e+01,9.000000000000000000e+00,2.673571196011489182e+00,3.596851824224475802e+00
4.000000000000000000e+01,3.716810999543123728e+01,-1.173903048672480942e+01,3.720000000000000284e+01,1.200000000000000000e+01,2.780803600527415043e+00,3.623996939129594974e+00
4.000000000000000000e+01,3.709408063988205839e+01,-1.979808355419163490e+01,3.720000000000000284e+01,2.000000000000000000e+01,2.994141515290494215e+00,3.614064527973982255e+00
4.000000000000000000e+01,3.703516001082950737e+01,-2.772471765234730867e+01,3.720000000000000284e+01,2.800000000000000000e+01,2.985729145222800085e+00,3.396388157312298706e+00
4.000000000000000000e+01,3.686447801093559917e+01,-3.571487431129390444e+01,3.720000000000000284e+01,3.600000000000000000e+01,3.009099441344447179e+00,3.136357266028178437e+00
4.000000000000000000e+01,3.676597757477111372e+01,-4.381842025551096498e+01,3.720000000000000284e+01,4.400000000000000000e+01,3.473299955385115823e+00,2.873481572552598173e+00
4.000000000000000000e+01,4.575315478577839912e+01,4.295711784910707109e+01,4.650000000000000000e+01,-4.400000000000000000e+01,3.655346982096989716e+00,2.618927139986831687e+00
4.000000000000000000e+01,4.600097509853651445e+01,3.521092339679345429e+01,4.650000000000000000e+01,-3.600000000000000000e+01,3.167354737500426065e+00,2.808371405302229729e+00
4.000000000000000000e+01,4.606138312654943689e+01,2.736687110112938015e+01,4.650000000000000000e+01,-2.800000000000000000e+01,2.432104769963013613e+00,3.124863044199638562e+00
4.000000000000000000e+01,4.597321725577112517e+01,1.958522562809584500e+01,4.650000000000000000e+01,-2.000000000000000000e+01,2.462182560899206063e+00,3.117736174687607331e+00
4.000000000000000000e+01,4.604199838769619646e+01,1.176903270493740195e+01,4.650000000000000000e+01,-1.200000000000000000e+01,2.566990242146125034e+00,3.269182567642846315e+00
4.000000000000000000e+01,4.616665589557818805e+01,8.797384335220977292e+00,4.650000000000000000e+01,-9.000000000000000000e+00,2.252435377122059545e+00,3.245333099196607396e+00
4.000000000000000000e+01,4.601813622665510906e+01,5.927807763117423967e+00,4.650000000000000000e+01,-6.000000000000000000e+00,2.251113672870454607e+00,3.291528827184243777e+00
4.000000000000000000e+01,4.593470695175296470e+01,7.652183733496940171e-03,4.650000000000000000e+01,0.000000000000000000e+00,2.430577151492639310e+00,3.404506970739115790e+00
4.000000000000000000e+01,4.594036143659599247e+01,-5.916163684756310381e+00,4.650000000000000000e+01,6.000000000000000000e+00,2.486748532909270448e+00,3.355678198030416670e+00
4.000000000000000000e+01,4.603953258111233282e+01,-8.726530292088044760e+00,4.650000000000000000e+01,9.000000000000000000e+00,2.447709509394856653e+00,3.193961398574189481e+00
4.000000000000000000e+01,4.601289381645472787e+01,-1.166811225122119922e+01,4.650000000000000000e+01,1.200000000000000000e+01,2.354293767020189332e+00,3.241795979477988698e+00
4.000000000000000000e+01,4.601192336982977338e+01,-1.963396545303083229e+01,4.650000000000000000e+01,2.000000000000000000e+01,2.214560324682620429e+00,3.228816731437140763e+00
4.000000000000000000e+01,4.589299788166213290e+01,-2.766125156979267530e+01,4.650000000000000000e+01,2.800000000000000000e+01,2.177607969785762432e+00,3.186231447264695760e+00
4.000000000000000000e+01,4.573933183661731761e+01,-3.573296015945439308e+01,4.650000000000000000e+01,3.600000000000000000e+01,3.194945517114212485e+00,2.889478182678471452e+00
4.000000000000000000e+01,4.540345042040008394e+01,-4.377572351000026885e+01,4.650000000000000000e+01,4.400000000000000000e+01,3.763941290445675047e+00,2.742400194389019941e+00
4.000000000000000000e+01,5.381434143247340529e+01,4.275456181866974248e+01,5.529999999999999716e+01,-4.400000000000000000e+01,4.789045089226445562e+00,2.447585542046307072e+00
4.000000000000000000e+01,5.423664159582010313e+01,3.502981959670832879e+01,5.529999999999999716e+01,-3.600000000000000000e+01,3.841013179288633062e+00,2.534727383206090146e+00
4.000000000000000000e+01,5.448224698753210760e+01,2.708001323998167109e+01,5.529999999999999716e+01,-2.800000000000000000e+01,3.332210457381071578e+00,2.709039003774052823e+00
4.000000000000000000e+01,5.462123384837882156e+01,1.919460495286756441e+01,5.529999999999999716e+01,-2.000000000000000000e+01,3.201818962212328756e+00,2.706184683368334731e+00
4.000000000000000000e+01,5.464720507678606509e+01,1.153845375696512399e+01,5.529999999999999716e+01,-1.200000000000000000e+01,2.885068809964128178e+00,2.788783464251367139e+00
4.000000000000000000e+01,5.460952013726055299e+01,8.675023805261997012e+00,5.529999999999999716e+01,-9.000000000000000000e+00,2.867156669833323512e+00,2.821260815326645854e+00
4.000000000000000000e+01,5.467795136582935811e+01,5.685407091896481191e+00,5.529999999999999716e+01,-6.000000000000000000e+00,2.889634294537474446e+00,2.905730044804852863e+00
4.000000000000000000e+01,5.469624130062035761e+01,-1.589188038988700591e-01,5.529999999999999716e+01,0.000000000000000000e+00,2.892571928681264115e+00,2.796447132993948426e+00
4.000000000000000000e+01,5.461305276993544311e+01,-5.943453944511874809e+00,5.529999999999999716e+01,6.000000000000000000e+00,2.878380996018441440e+00,2.884889193110232064e+00
4.000000000000000000e+01,5.454459212548305658e+01,-8.886443783387123929e+00,5.529999999999999716e+01,9.000000000000000000e+00,2.740350665700286736e+00,2.857778427196457471e+00
4.000000000000000000e+01,5.453937062248400736e+01,-1.191698913460341380e+01,5.529999999999999716e+01,1.200000000000000000e+01,2.888493896083364376e+00,2.830115871191873911e+00
4.000000000000000000e+01,5.444600783307483738e+01,-1.969097110142153895e+01,5.529999999999999716e+01,2.000000000000000000e+01,3.156649564626931248e+00,2.857027677198063387e+00
4.000000000000000000e+01,5.416942091085846300e+01,-2.764154735913897554e+01,5.529999999999999716e+01,2.800000000000000000e+01,3.416025403061006216e+00,2.716032539986515282e+00
4.000000000000000000e+01,5.392666301306244492e+01,-3.575337707484655425e+01,5.529999999999999716e+01,3.600000000000000000e+01,3.899934722883603655e+00,2.611693810503058710e+00
4.000000000000000000e+01,5.352658424416340921e+01,-4.373536441571442168e+01,5.529999999999999716e+01,4.400000000000000000e+01,4.737449919421294453e+00,2.490411057504750225e+00
